✔ [8026/8356] Built RequestProject.Spine.AlgebraicTopology.DirectedUnionColimit (12s)
✔ [8027/8356] Built RequestProject.Spine.AlgebraicTopology.SimplicialChains (14s)
✔ [8028/8356] Built RequestProject.Spine.AlgebraicTopology.RealizationColimits (14s)
✔ [8029/8356] Built RequestProject.Spine.AlgebraicTopology.HomologyElements (14s)
✔ [8030/8356] Built RequestProject.Spine.AlgebraicTopology.SingularHomology (18s)
✔ [8031/8356] Built RequestProject.Spine.AlgebraicTopology.SphereCover (20s)
✔ [8032/8356] Built RequestProject.Main (27s)
✔ [8033/8356] Built RequestProject.Spine.GoodCover.Presimplicial (30s)
✔ [8034/8356] Built RequestProject.Spine.Cech.Cochain (25s)
✔ [8035/8356] Built RequestProject.Spine.E2.CentralDoubleCover (25s)
✔ [8036/8356] Built RequestProject.Spine.Cohomology.Cochain (25s)
✔ [8037/8356] Built RequestProject.Spine.E2.Family.FamilyBase (27s)
✔ [8038/8356] Built RequestProject.Spine.E1.Topology.FiniteDimTools (24s)
✔ [8039/8356] Built RequestProject.Spine.E1.MatrixModel (25s)
✔ [8040/8356] Built RequestProject.Spine.AlgebraicTopology.Normalization (11s)
✔ [8041/8356] Built RequestProject.Spine.AlgebraicTopology.ExhaustiveHomology (11s)
✔ [8042/8356] Built RequestProject.Spine.AlgebraicTopology.NaiveHomology (12s)
✔ [8043/8356] Built RequestProject.Spine.E1.Carrier (26s)
✔ [8044/8356] Built RequestProject.Spine.Foundation.MinkowskiMatrix (34s)
✔ [8045/8356] Built RequestProject.Spine.GoodCover.GoodCover (25s)
✔ [8046/8356] Built RequestProject.Spine.AlgebraicTopology.NormalizationNaturality (13s)
✔ [8047/8356] Built RequestProject.Spine.AlgebraicTopology.SimplicialSkeleton (14s)
✔ [8048/8356] Built RequestProject.Spine.Cech.Coboundary (27s)
✔ [8049/8356] Built RequestProject.Spine.Cohomology.PrismMaps (26s)
✔ [8050/8356] Built RequestProject.Spine.Cohomology.Coboundary (25s)
✔ [8051/8356] Built RequestProject.Spine.E2.Family.FiberFrames (25s)
✔ [8052/8356] Built RequestProject.Spine.AlgebraicTopology.AffineSimplices (10s)
✔ [8053/8356] Built RequestProject.Spine.AlgebraicTopology.RelativeChains (11s)
✔ [8054/8356] Built RequestProject.Spine.Nerve.Skeleton.Filtration (10s)
✔ [8055/8356] Built RequestProject.Spine.AlgebraicTopology.SkeletalAttachment (11s)
✔ [8056/8356] Built RequestProject.Spine.E1.Clifford (24s)
✔ [8057/8356] Built RequestProject.Spine.E1.LorentzGroup (24s)
✔ [8058/8356] Built RequestProject.Spine.E1.WeylSpinorModule (25s)
✔ [8059/8356] Built RequestProject.Spine.Cohomology.CharTwo (22s)
✔ [8060/8356] Built RequestProject.Spine.Cech.Cohomology (25s)
✔ [8061/8356] Built RequestProject.Spine.AlgebraicTopology.LinearSubdivision (11s)
✔ [8062/8356] Built RequestProject.Spine.Nerve.StandardCell.Pair (9.6s)
✔ [8063/8356] Built RequestProject.Spine.AlgebraicTopology.RelativeChainCalculus (9.9s)
✔ [8064/8356] Built RequestProject.Spine.E2.Family.FrameTotal (21s)
✔ [8065/8356] Built RequestProject.Spine.AlgebraicTopology.RelativeLES (9.9s)
✔ [8066/8356] Built RequestProject.Spine.AlgebraicTopology.DualCohomology (43s)
✔ [8067/8356] Built RequestProject.Spine.Cohomology.Cohomology (25s)
✔ [8068/8356] Built RequestProject.Spine.AlgebraicTopology.DirectSumComplex (8.9s)
✔ [8069/8356] Built RequestProject.Spine.Nerve.Skeleton.Pushout (11s)
✔ [8070/8356] Built RequestProject.Spine.AlgebraicTopology.Mesh (15s)
✔ [8071/8356] Built RequestProject.Spine.E1.Topology.LorentzTopology (23s)
✔ [8072/8356] Built RequestProject.Spine.AlgebraicTopology.Subdivision (14s)
✔ [8073/8356] Built RequestProject.Spine.E1.Hyperbolic (24s)
✔ [8074/8356] Built RequestProject.Spine.GoodCover.NerveIdentification (25s)
✔ [8075/8356] Built RequestProject.Spine.E1.Bivector (28s)
✔ [8076/8356] Built RequestProject.Spine.Cech.FullNerve (25s)
✔ [8077/8356] Built RequestProject.Spine.Nerve.Comparison.RelativeMap (9.2s)
✔ [8078/8356] Built RequestProject.Spine.Cech.Refinement (27s)
✔ [8079/8356] Built RequestProject.Spine.AlgebraicTopology.RelativeAcyclicity (8.7s)
✔ [8080/8356] Built RequestProject.Spine.AlgebraicTopology.PairLES (10s)
✔ [8081/8356] Built RequestProject.Spine.AlgebraicTopology.DirectSumHomology (11s)
✔ [8082/8356] Built RequestProject.Spine.Nerve.Skeleton.RealizationMono (13s)
✔ [8083/8356] Built RequestProject.Spine.AlgebraicTopology.SmallSimplices (13s)
✔ [8084/8356] Built RequestProject.Spine.E2.Family.FiberIsometryGroup (26s)
✔ [8085/8356] Built RequestProject.Spine.AlgebraicTopology.ChainHomotopy (13s)
✔ [8086/8356] Built RequestProject.Spine.GoodCover.PointCohomology (22s)
✔ [8087/8356] Built RequestProject.Spine.Cohomology.AlexanderWhitney (23s)
✔ [8088/8356] Built RequestProject.Spine.Cohomology.Functorial (25s)
✔ [8089/8356] Built RequestProject.Spine.Nerve.Comparison.Blockers (10s)
✔ [8090/8356] Built RequestProject.Spine.Nerve.CellFamily.TargetMap (10s)
✔ [8091/8356] Built RequestProject.Spine.Nerve.Geometry.PointModel (13s)
✔ [8092/8356] Built RequestProject.Spine.AlgebraicTopology.Excision (14s)
✔ [8093/8356] Built RequestProject.Spine.Nerve.Basic.Cover (23s)
✔ [8094/8356] Built RequestProject.Spine.AlgebraicTopology.Contractible (12s)
✔ [8095/8356] Built RequestProject.Spine.E1.LieAlgebra (28s)
✔ [8096/8356] Built RequestProject.Spine.E2.Family.LocalTrivialization (23s)
✔ [8097/8356] Built RequestProject.Spine.Nerve.Comparison.SkeletalStep (11s)
✔ [8098/8356] Built RequestProject.Spine.Nerve.Geometry.CellSeparation (12s)
✔ [8099/8356] Built RequestProject.Spine.Nerve.Geometry.NormalForm (12s)
✔ [8100/8356] Built RequestProject.Spine.GoodCover.AcyclicCover (24s)
✔ [8101/8356] Built RequestProject.Spine.Nerve.Geometry.RealizedBoundary (10s)
✔ [8102/8356] Built RequestProject.Spine.Cohomology.Cup (26s)
✔ [8103/8356] Built RequestProject.Spine.AlgebraicTopology.FamilyChainMap (12s)
✔ [8104/8356] Built RequestProject.Spine.Cohomology.Prism (25s)
✔ [8105/8356] Built RequestProject.Spine.AlgebraicTopology.SingularHomotopy (11s)
✔ [8106/8356] Built RequestProject.Spine.AlgebraicTopology.SingularHZero (12s)
✔ [8107/8356] Built RequestProject.Spine.AlgebraicTopology.MayerVietoris (11s)
✔ [8108/8356] Built RequestProject.Spine.Nerve.Basic.Realization (21s)
✔ [8109/8356] Built RequestProject.Spine.Nerve.Comparison.BaseCase (10s)
✔ [8110/8356] Built RequestProject.Spine.Nerve.Cochain.CochainComparison (23s)
✔ [8111/8356] Built RequestProject.Spine.Nerve.Geometry.CarrierDim (11s)
✔ [8112/8356] Built RequestProject.Spine.Nerve.Geometry.StandardSimplex (12s)
✔ [8113/8356] Built RequestProject.Spine.AlgebraicTopology.DiscreteHomology (12s)
✔ [8114/8356] Built RequestProject.Spine.E2.Family.FrameTrivialization (26s)
✔ [8115/8356] Built RequestProject.Spine.Nerve.Comparison.SkeletalInduction (13s)
✔ [8116/8356] Built RequestProject.Spine.E1.Hodge (33s)
✔ [8117/8356] Built RequestProject.Spine.Nerve.Geometry.RealizationTopology (13s)
✔ [8118/8356] Built RequestProject.Spine.Cohomology.HomotopyInvariance (24s)
✔ [8119/8356] Built RequestProject.Spine.Nerve.StandardCell.RealizedSimplexHomology (10s)
✔ [8120/8356] Built RequestProject.Spine.Cohomology.CupDescent (29s)
✔ [8121/8356] Built RequestProject.Spine.Nerve.Geometry.BarycentricRetraction (10s)
✔ [8122/8356] Built RequestProject.Spine.Nerve.Basic.ChainMap (26s)
✔ [8123/8356] Built RequestProject.Spine.AlgebraicTopology.ReducedHomology (11s)
✔ [8124/8356] Built RequestProject.Spine.Nerve.Geometry.BoundarySphere (13s)
✔ [8125/8356] Built RequestProject.Spine.Nerve.Geometry.SkeletalFactorization (11s)
✔ [8126/8356] Built RequestProject.Spine.E2.Family.TransitionData (23s)
✔ [8127/8356] Built RequestProject.Spine.E1.Coords (29s)
✔ [8128/8356] Built RequestProject.Spine.Nerve.StandardCell.BoundaryCover (16s)
✔ [8129/8356] Built RequestProject.Spine.GoodCover.GoodCoverAcyclic (27s)
✔ [8130/8356] Built RequestProject.Spine.E1.LorentzClifford (30s)
✔ [8131/8356] Built RequestProject.Spine.Nerve.Basic.UnitChainMap (27s)
✔ [8132/8356] Built RequestProject.Spine.Nerve.Geometry.PuncturedSimplex (14s)
✔ [8133/8356] Built RequestProject.Spine.Nerve.Controls.GeneratorProbe (31s)
✔ [8134/8356] Built RequestProject.Spine.Nerve.Cochain.CochainMap (29s)
✔ [8135/8356] Built RequestProject.Spine.Nerve.Skeleton.SkeletalSupport (9.6s)
✔ [8136/8356] Built RequestProject.Spine.Nerve.StandardCell.BoundaryHomology (14s)
✔ [8137/8356] Built RequestProject.Spine.Nerve.Geometry.OpenStandardCell (17s)
✔ [8138/8356] Built RequestProject.Spine.E2.Topology.ModelTopology (27s)
✔ [8139/8356] Built RequestProject.Spine.E1.ShellTransitivity (29s)
✔ [8140/8356] Built RequestProject.Spine.E1.SpinElement (29s)
✔ [8141/8356] Built RequestProject.Spine.Nerve.Controls.UnitProbe (27s)
✔ [8142/8356] Built RequestProject.Spine.Nerve.Basic.CanonicalMap (29s)
✔ [8143/8356] Built RequestProject.Spine.Nerve.Geometry.CellNeighborhood (20s)
✔ [8144/8356] Built RequestProject.Spine.E1.CliffordHodgeBridge (40s)
✔ [8145/8356] Built RequestProject.Spine.Nerve.StandardCell.Homology (16s)
✔ [8146/8356] Built RequestProject.Spine.Nerve.Controls.ComparisonControls (23s)
✔ [8147/8356] Built RequestProject.Spine.Nerve.Cochain.Dualization (23s)
✔ [8148/8356] Built RequestProject.Spine.Nerve.CellFamily.SingularFactorization (16s)
✔ [8149/8356] Built RequestProject.Spine.E2.Topology.AtlasTopology (28s)
✔ [8150/8356] Built RequestProject.Spine.Nerve.Geometry.PushoutRetraction (17s)
✔ [8151/8356] Built RequestProject.Spine.Geometry.CausalAlgebra (29s)
✔ [8152/8356] Built RequestProject.Spine.Nerve.StandardCell.FundamentalClass (15s)
✔ [8153/8356] Built RequestProject.Spine.E1.Shell (32s)
ℹ [8154/8356] Built RequestProject.Spine.Nerve.Audit.CanonicalPin (34s)
info: RequestProject/Spine/Nerve/Audit/CanonicalPin.lean:103:0: 'SpineTask13.afmc_d_hom' depends on axioms: [propext, Classical.choice, Quot.sound]
info: RequestProject/Spine/Nerve/Audit/CanonicalPin.lean:104:0: 'SpineTask13.degenSubmodule' depends on axioms: [propext, Classical.choice, Quot.sound]
info: RequestProject/Spine/Nerve/Audit/CanonicalPin.lean:105:0: 'SpineTask13.boundary_degen_mem' depends on axioms: [propext, Classical.choice, Quot.sound]
info: RequestProject/Spine/Nerve/Audit/CanonicalPin.lean:106:0: 'SpineTask13.degenSubmodule_eq_supported' depends on axioms: [propext, Classical.choice, Quot.sound]
info: RequestProject/Spine/Nerve/Audit/CanonicalPin.lean:107:0: 'SpineTask13.normBoundary' depends on axioms: [propext, Classical.choice, Quot.sound]
info: RequestProject/Spine/Nerve/Audit/CanonicalPin.lean:108:0: 'SpineTask13.normBoundary_comp_normBoundary' depends on axioms: [propext, Classical.choice, Quot.sound]
info: RequestProject/Spine/Nerve/Audit/CanonicalPin.lean:109:0: 'SpineTask13.normProj_comm' depends on axioms: [propext, Classical.choice, Quot.sound]
info: RequestProject/Spine/Nerve/Audit/CanonicalPin.lean:110:0: 'SpineTask13.normInc_comm' depends on axioms: [propext, Classical.choice, Quot.sound]
info: RequestProject/Spine/Nerve/Audit/CanonicalPin.lean:111:0: 'SpineTask13.normProj_comp_normInc' depends on axioms: [propext, Classical.choice, Quot.sound]
info: RequestProject/Spine/Nerve/Audit/CanonicalPin.lean:112:0: 'SpineTask13.normInc_comp_normProj' depends on axioms: [propext, Classical.choice, Quot.sound]
info: RequestProject/Spine/Nerve/Audit/CanonicalPin.lean:113:0: 'SpineTask13.normHtpy_zero' depends on axioms: [propext, Classical.choice, Quot.sound]
info: RequestProject/Spine/Nerve/Audit/CanonicalPin.lean:114:0: 'SpineTask13.normHtpy_succ' depends on axioms: [propext, Classical.choice, Quot.sound]
info: RequestProject/Spine/Nerve/Audit/CanonicalPin.lean:115:0: 'SpineTask13.normProj_natural' depends on axioms: [propext, Classical.choice, Quot.sound]
info: RequestProject/Spine/Nerve/Audit/CanonicalPin.lean:116:0: 'SpineTask13.normInc_natural' depends on axioms: [propext, Classical.choice, Quot.sound]
info: RequestProject/Spine/Nerve/Audit/CanonicalPin.lean:117:0: 'SpineTask13.normMap_comm' depends on axioms: [propext, Classical.choice, Quot.sound]
info: RequestProject/Spine/Nerve/Audit/CanonicalPin.lean:118:0: 'SpineTask13.normChainEquiv' depends on axioms: [propext, Classical.choice, Quot.sound]
info: RequestProject/Spine/Nerve/Audit/CanonicalPin.lean:119:0: 'SpineTask13.degenerate_of_mem_skeleton' depends on axioms: [propext, Classical.choice, Quot.sound]
info: RequestProject/Spine/Nerve/Audit/CanonicalPin.lean:120:0: 'SpineTask13.normChain_skeleton_subsingleton' depends on axioms: [propext, Classical.choice, Quot.sound]
info: RequestProject/Spine/Nerve/Audit/CanonicalPin.lean:121:0: 'SpineTask13.relNormChain_subsingleton_of_lt' depends on axioms: [propext, Classical.choice, Quot.sound]
info: RequestProject/Spine/Nerve/Audit/CanonicalPin.lean:122:0: 'SpineTask13.relNormChain_subsingleton_of_gt' depends on axioms: [propext, Classical.choice, Quot.sound]
info: RequestProject/Spine/Nerve/Audit/CanonicalPin.lean:123:0: 'SpineTask13.relNormProj' depends on axioms: [propext, Classical.choice, Quot.sound]
info: RequestProject/Spine/Nerve/Audit/CanonicalPin.lean:124:0: 'SpineTask13.relNormInc' depends on axioms: [propext, Classical.choice, Quot.sound]
info: RequestProject/Spine/Nerve/Audit/CanonicalPin.lean:125:0: 'SpineTask13.relNormProj_comp_relNormInc' depends on axioms: [propext, Classical.choice, Quot.sound]
info: RequestProject/Spine/Nerve/Audit/CanonicalPin.lean:126:0: 'SpineTask13.relNormChainEquiv' depends on axioms: [propext, Classical.choice, Quot.sound]
info: RequestProject/Spine/Nerve/Audit/CanonicalPin.lean:127:0: 'SpineTask13.nonDegenerateSkeletonEquiv' depends on axioms: [propext, Classical.choice, Quot.sound]
info: RequestProject/Spine/Nerve/Audit/CanonicalPin.lean:128:0: 'SpineTask13.normJ' depends on axioms: [propext, Classical.choice, Quot.sound]
info: RequestProject/Spine/Nerve/Audit/CanonicalPin.lean:129:0: 'SpineTask13.normJ_normProj' depends on axioms: [propext, Classical.choice, Quot.sound]
info: RequestProject/Spine/Nerve/Audit/CanonicalPin.lean:130:0: 'SpineTask13.normJ_comm' depends on axioms: [propext, Classical.choice, Quot.sound]
info: RequestProject/Spine/Nerve/Audit/CanonicalPin.lean:131:0: 'SpineTask13.chainMap_degen_mem' depends on axioms: [propext, Classical.choice, Quot.sound]
✔ [8155/8356] Built RequestProject.Spine.Nerve.CellFamily.RelativeChainDecomposition (12s)
✔ [8156/8356] Built RequestProject.Spine.Nerve.Geometry.RelativeHomotopy (11s)
✔ [8157/8356] Built RequestProject.Spine.Nerve.StandardCell.Generator (11s)
✔ [8158/8356] Built RequestProject.Spine.E2.Topology.AtlasExtension (18s)
✔ [8159/8356] Built RequestProject.Spine.Nerve.CellFamily.ExcisionCompatibility (5.9s)
✔ [8160/8356] Built RequestProject.Spine.E2.Topology.FiberTopology (19s)
✔ [8161/8356] Built RequestProject.Spine.Nerve.StandardCell.FaceMaps (5.9s)
✔ [8162/8356] Built RequestProject.Spine.Nerve.StandardCell.Excision (6.5s)
✔ [8163/8356] Built RequestProject.Spine.E1.CliffordMonomial (39s)
✔ [8164/8356] Built RequestProject.Spine.Nerve.StandardCell.BoundaryTwoSetCover (7.2s)
✔ [8165/8356] Built RequestProject.Spine.E2.Topology.FrameTopology (16s)
✔ [8166/8356] Built RequestProject.Spine.Nerve.CellFamily.TargetDecomposition (12s)
✔ [8167/8356] Built RequestProject.Spine.Nerve.StandardCell.CanonicalGenerator (14s)
✔ [8168/8356] Built RequestProject.Spine.E1.SpinGroup (24s)
✔ [8169/8356] Built RequestProject.Spine.E1.Topology.CliffordTopology (25s)
✔ [8170/8356] Built RequestProject.Spine.Nerve.StandardCell.RelativeComparison (13s)
✔ [8171/8356] Built RequestProject.Spine.E1.PauliRepresentation (30s)
✔ [8172/8356] Built RequestProject.Spine.E1.Paravector (30s)
✔ [8173/8356] Built RequestProject.Spine.E2.Topology.ContinuousTransitions (21s)
✔ [8174/8356] Built RequestProject.Spine.E1.Topology.SpinTopology (14s)
✔ [8175/8356] Built RequestProject.Spine.Nerve.Comparison.SourceDecomposition (11s)
✔ [8176/8356] Built RequestProject.Spine.Nerve.Comparison.FamilyCompatibility (6.1s)
✔ [8177/8356] Built RequestProject.Spine.E2.Topology.FrameRightAction (16s)
✔ [8178/8356] Built RequestProject.Spine.E1.SpinDeterminant (19s)
✔ [8179/8356] Built RequestProject.Spine.Nerve.Comparison.FiniteCriterion (5.8s)
✔ [8180/8356] Built RequestProject.Spine.Nerve.Comparison.RelJ (7.5s)
✔ [8181/8356] Built RequestProject.Spine.E2.Topology.ReverseReconstruction (13s)
✔ [8182/8356] Built RequestProject.Spine.E1.DoubleCover (15s)
✔ [8183/8356] Built RequestProject.Spine.Nerve.Comparison.GlobalHomology (6.7s)
✔ [8184/8356] Built RequestProject.Spine.E2.Topology.TopologicalFrameFamily (11s)
✔ [8185/8356] Built RequestProject.Spine.E1.SpinCover (9.3s)
✔ [8186/8356] Built RequestProject.Spine.Emergent.LocalModel (11s)
ℹ [8187/8356] Built RequestProject.Spine.E1.SpinKernel (18s)
info: RequestProject/Spine/E1/SpinKernel.lean:106:0: 'SpinCore.spinCover' depends on axioms: [propext, Classical.choice, Quot.sound]
info: RequestProject/Spine/E1/SpinKernel.lean:107:0: 'SpinCore.spinCover_surjective' depends on axioms: [propext, Classical.choice, Quot.sound]
info: RequestProject/Spine/E1/SpinKernel.lean:108:0: 'SpinCore.mem_ker_spinCover_iff' depends on axioms: [propext, Classical.choice, Quot.sound]
info: RequestProject/Spine/E1/SpinKernel.lean:109:0: 'SpinCore.spinCover_ker_eq_zpowers' depends on axioms: [propext, Classical.choice, Quot.sound]
info: RequestProject/Spine/E1/SpinKernel.lean:110:0: 'SpinCore.spinCover_ker_central' depends on axioms: [propext, Classical.choice, Quot.sound]
info: RequestProject/Spine/E1/SpinKernel.lean:111:0: 'SpinCore.spinCover_ker_card' depends on axioms: [propext, Classical.choice, Quot.sound]
info: RequestProject/Spine/E1/SpinKernel.lean:112:0: 'SpinCore.spin_double_cover' depends on axioms: [propext, Classical.choice, Quot.sound]
✔ [8188/8356] Built RequestProject.Spine.Emergent.BaseGluing (8.7s)
✔ [8189/8356] Built RequestProject.Spine.Emergent.Reconstruction (13s)
ℹ [8190/8356] Built RequestProject.Spine.E1.SL2Comparison (17s)
info: RequestProject/Spine/E1/SL2Comparison.lean:95:57: Try this:
  [apply] ring_nf
  
  The `ring` tactic failed to close the goal. Use `ring_nf` to obtain a normal form.
    
  Note that `ring` works primarily in *commutative* rings. If you have a noncommutative ring, abelian group or module, consider using `noncomm_ring`, `abel` or `module` instead.
info: RequestProject/Spine/E1/SL2Comparison.lean:95:57: Try this:
  [apply] ring_nf
  
  The `ring` tactic failed to close the goal. Use `ring_nf` to obtain a normal form.
    
  Note that `ring` works primarily in *commutative* rings. If you have a noncommutative ring, abelian group or module, consider using `noncomm_ring`, `abel` or `module` instead.
info: RequestProject/Spine/E1/SL2Comparison.lean:95:57: Try this:
  [apply] ring_nf
  
  The `ring` tactic failed to close the goal. Use `ring_nf` to obtain a normal form.
    
  Note that `ring` works primarily in *commutative* rings. If you have a noncommutative ring, abelian group or module, consider using `noncomm_ring`, `abel` or `module` instead.
info: RequestProject/Spine/E1/SL2Comparison.lean:188:0: 'SpinCore.spinEquivSL2' depends on axioms: [propext, Classical.choice, Quot.sound]
info: RequestProject/Spine/E1/SL2Comparison.lean:189:0: 'SpinCore.sl2_comparison' depends on axioms: [propext, Classical.choice, Quot.sound]
ℹ [8191/8356] Built RequestProject.Spine.E2.Topology.Task27 (40s)
info: RequestProject/Spine/E2/Topology/Task27.lean:200:0: 'NullSectorTask27.Total' does not depend on any axioms
info: RequestProject/Spine/E2/Topology/Task27.lean:201:0: 'NullSectorTask27.fiberTotal_def' does not depend on any axioms
info: RequestProject/Spine/E2/Topology/Task27.lean:202:0: 'NullSectorTask27.fiberBase_preimage_singleton' does not depend on any axioms
info: RequestProject/Spine/E2/Topology/Task27.lean:203:0: 'NullSectorTask27.ChartAtlas' depends on axioms: [propext, Classical.choice, Quot.sound]
info: RequestProject/Spine/E2/Topology/Task27.lean:204:0: 'NullSectorTask27.ChartAtlas.IsAdmissible' depends on axioms: [propext, Classical.choice, Quot.sound]
info: RequestProject/Spine/E2/Topology/Task27.lean:205:0: 'NullSectorTask27.ChartAtlas.top' depends on axioms: [propext, Classical.choice, Quot.sound]
info: RequestProject/Spine/E2/Topology/Task27.lean:206:0: 'NullSectorTask27.ChartAtlas.top_isAdmissible' depends on axioms: [propext, Classical.choice, Quot.sound]
info: RequestProject/Spine/E2/Topology/Task27.lean:207:0: 'NullSectorTask27.ChartAtlas.IsAdmissible.eq_top' depends on axioms: [propext, Classical.choice, Quot.sound]
info: RequestProject/Spine/E2/Topology/Task27.lean:208:0: 'NullSectorTask27.MetricOrientedFibreAtlas' depends on axioms: [propext, Classical.choice, Quot.sound]
info: RequestProject/Spine/E2/Topology/Task27.lean:209:0: 'NullSectorTask27.MetricOrientedFibreAtlas.top' depends on axioms: [propext, Classical.choice, Quot.sound]
info: RequestProject/Spine/E2/Topology/Task27.lean:210:0: 'NullSectorTask27.MetricOrientedFibreAtlas.isOpen_top_iff' depends on axioms: [propext, Classical.choice, Quot.sound]
info: RequestProject/Spine/E2/Topology/Task27.lean:211:0: 'NullSectorTask27.MetricOrientedFibreAtlas.continuous_top_fiberBase' depends on axioms: [propext,
 Classical.choice,
 Quot.sound]
info: RequestProject/Spine/E2/Topology/Task27.lean:212:0: 'NullSectorTask27.MetricOrientedFibreAtlas.continuous_top_fibreInclusion' depends on axioms: [propext,
 Classical.choice,
 Quot.sound]
info: RequestProject/Spine/E2/Topology/Task27.lean:213:0: 'NullSectorTask27.TopologicalFibreTriv' depends on axioms: [propext, Classical.choice, Quot.sound]
info: RequestProject/Spine/E2/Topology/Task27.lean:214:0: 'NullSectorTask27.TopologicalFibreTriv.homeo' depends on axioms: [propext, Classical.choice, Quot.sound]
info: RequestProject/Spine/E2/Topology/Task27.lean:215:0: 'NullSectorTask27.TopologicalFibreTriv.homeo_fst' depends on axioms: [propext, Classical.choice, Quot.sound]
info: RequestProject/Spine/E2/Topology/Task27.lean:216:0: 'NullSectorTask27.TopologicalFibreTriv.fibrewise_linear' depends on axioms: [propext, Classical.choice, Quot.sound]
info: RequestProject/Spine/E2/Topology/Task27.lean:217:0: 'NullSectorTask27.TopologicalFibreTriv.fibrewise_isometry' depends on axioms: [propext, Classical.choice, Quot.sound]
info: RequestProject/Spine/E2/Topology/Task27.lean:218:0: 'NullSectorTask27.TopologicalFibreTriv.fibrewise_orientation' depends on axioms: [propext, Classical.choice, Quot.sound]
info: RequestProject/Spine/E2/Topology/Task27.lean:219:0: 'NullSectorTask27.topologicalFibreTriv_of_homeo' depends on axioms: [propext, Classical.choice, Quot.sound]
info: RequestProject/Spine/E2/Topology/Task27.lean:220:0: 'NullSectorTask27.MetricOrientedFibreAtlas.topTriv' depends on axioms: [propext, Classical.choice, Quot.sound]
info: RequestProject/Spine/E2/Topology/Task27.lean:221:0: 'NullSectorTask27.MetricOrientedFibreAtlas.top_isAdmissible' depends on axioms: [propext, Classical.choice, Quot.sound]
info: RequestProject/Spine/E2/Topology/Task27.lean:222:0: 'NullSectorTask27.MetricOrientedFibreAtlas.eq_top_of_isAdmissible' depends on axioms: [propext,
 Classical.choice,
 Quot.sound]
info: RequestProject/Spine/E2/Topology/Task27.lean:223:0: 'NullSectorTask27.isOpen_sigmaTop_fibre' depends on axioms: [propext, Classical.choice, Quot.sound]
info: RequestProject/Spine/E2/Topology/Task27.lean:224:0: 'NullSectorTask27.Example27.not_isOpen_fibre_in_atlasTop' depends on axioms: [propext, Classical.choice, Quot.sound]
info: RequestProject/Spine/E2/Topology/Task27.lean:225:0: 'NullSectorTask27.Example27.atlasTop_ne_sigmaTop' depends on axioms: [propext, Classical.choice, Quot.sound]
info: RequestProject/Spine/E2/Topology/Task27.lean:226:0: 'NullSectorTask27.MetricOrientedFibreAtlas.frameTop' depends on axioms: [propext, Classical.choice, Quot.sound]
info: RequestProject/Spine/E2/Topology/Task27.lean:227:0: 'NullSectorTask27.MetricOrientedFibreAtlas.frameTop_isAdmissible' depends on axioms: [propext,
 Classical.choice,
 Quot.sound]
info: RequestProject/Spine/E2/Topology/Task27.lean:228:0: 'NullSectorTask27.MetricOrientedFibreAtlas.frame_eq_top_of_isAdmissible' depends on axioms: [propext,
 Classical.choice,
 Quot.sound]
info: RequestProject/Spine/E2/Topology/Task27.lean:229:0: 'NullSectorTask27.TopologicalFrameTriv' depends on axioms: [propext, Classical.choice, Quot.sound]
info: RequestProject/Spine/E2/Topology/Task27.lean:230:0: 'NullSectorTask27.TopologicalFrameTriv.homeo' depends on axioms: [propext, Classical.choice, Quot.sound]
info: RequestProject/Spine/E2/Topology/Task27.lean:231:0: 'NullSectorTask27.TopologicalFrameTriv.homeo_fst' depends on axioms: [propext, Classical.choice, Quot.sound]
info: RequestProject/Spine/E2/Topology/Task27.lean:232:0: 'NullSectorTask27.topologicalFibreTriv_induces_topologicalFrameTriv' depends on axioms: [propext,
 Classical.choice,
 Quot.sound]
info: RequestProject/Spine/E2/Topology/Task27.lean:233:0: 'NullSectorTask27.topologicalFibreTriv_induces_frameEquiv' depends on axioms: [propext, Classical.choice, Quot.sound]
info: RequestProject/Spine/E2/Topology/Task27.lean:234:0: 'NullSectorTask27.transitionOn' depends on axioms: [propext, Classical.choice, Quot.sound]
info: RequestProject/Spine/E2/Topology/Task27.lean:235:0: 'NullSectorTask27.continuous_transitionOn' depends on axioms: [propext, Classical.choice, Quot.sound]
info: RequestProject/Spine/E2/Topology/Task27.lean:236:0: 'NullSectorTask27.continuousOn_fibre_transition' depends on axioms: [propext, Classical.choice, Quot.sound]
info: RequestProject/Spine/E2/Topology/Task27.lean:237:0: 'NullSectorTask27.continuousOn_frame_transition' depends on axioms: [propext, Classical.choice, Quot.sound]
info: RequestProject/Spine/E2/Topology/Task27.lean:238:0: 'NullSectorTask27.frameTrivAt_transitionOn' depends on axioms: [propext, Classical.choice, Quot.sound]
info: RequestProject/Spine/E2/Topology/Task27.lean:239:0: 'NullSectorTask27.continuous_frame_transition' depends on axioms: [propext, Classical.choice, Quot.sound]
info: RequestProject/Spine/E2/Topology/Task27.lean:240:0: 'NullSectorTask27.MetricOrientedFibreAtlas.transitionFun' depends on axioms: [propext, Classical.choice, Quot.sound]
info: RequestProject/Spine/E2/Topology/Task27.lean:241:0: 'NullSectorTask27.MetricOrientedFibreAtlas.continuous_transitionFun' depends on axioms: [propext,
 Classical.choice,
 Quot.sound]
info: RequestProject/Spine/E2/Topology/Task27.lean:242:0: 'NullSectorTask27.MetricOrientedFibreAtlas.transitionFun_self' depends on axioms: [propext,
 Classical.choice,
 Quot.sound]
info: RequestProject/Spine/E2/Topology/Task27.lean:243:0: 'NullSectorTask27.MetricOrientedFibreAtlas.transitionFun_symm' depends on axioms: [propext,
 Classical.choice,
 Quot.sound]
info: RequestProject/Spine/E2/Topology/Task27.lean:244:0: 'NullSectorTask27.MetricOrientedFibreAtlas.transitionFun_trans' depends on axioms: [propext,
 Classical.choice,
 Quot.sound]
info: RequestProject/Spine/E2/Topology/Task27.lean:245:0: 'NullSectorTask27.MetricOrientedFibreAtlas.frameTrivAt_transitionFun' depends on axioms: [propext,
 Classical.choice,
 Quot.sound]
info: RequestProject/Spine/E2/Topology/Task27.lean:246:0: 'NullSectorTask27.MetricOrientedFibreAtlas.continuous_frameTransitionFun' depends on axioms: [propext,
 Classical.choice,
 Quot.sound]
info: RequestProject/Spine/E2/Topology/Task27.lean:247:0: 'NullSectorTask27.CompatibleFrameTriv' depends on axioms: [propext, Classical.choice, Quot.sound]
info: RequestProject/Spine/E2/Topology/Task27.lean:248:0: 'NullSectorTask27.frameRAct' depends on axioms: [propext, Classical.choice, Quot.sound]
info: RequestProject/Spine/E2/Topology/Task27.lean:249:0: 'NullSectorTask27.existsUnique_frameRAct' depends on axioms: [propext, Classical.choice, Quot.sound]
info: RequestProject/Spine/E2/Topology/Task27.lean:250:0: 'NullSectorTask27.exists_nonequivariant_frame_bijection' depends on axioms: [propext, Classical.choice, Quot.sound]
info: RequestProject/Spine/E2/Topology/Task27.lean:251:0: 'NullSectorTask27.reconIso' depends on axioms: [propext, Classical.choice, Quot.sound]
info: RequestProject/Spine/E2/Topology/Task27.lean:252:0: 'NullSectorTask27.reconIso_orientation' depends on axioms: [propext, Classical.choice, Quot.sound]
info: RequestProject/Spine/E2/Topology/Task27.lean:253:0: 'NullSectorTask27.frameEquivOfIsom_reconIso' depends on axioms: [propext, Classical.choice, Quot.sound]
info: RequestProject/Spine/E2/Topology/Task27.lean:254:0: 'NullSectorTask27.reconIso_unique' depends on axioms: [propext, Classical.choice, Quot.sound]
info: RequestProject/Spine/E2/Topology/Task27.lean:255:0: 'NullSectorTask27.fibreTrivOfCompatibleFrameTriv' depends on axioms: [propext, Classical.choice, Quot.sound]
info: RequestProject/Spine/E2/Topology/Task27.lean:256:0: 'NullSectorTask27.fibreTrivEquivCompatibleFrameTriv' depends on axioms: [propext, Classical.choice, Quot.sound]
info: RequestProject/Spine/E2/Topology/Task27.lean:257:0: 'NullSectorTask27.compatibleFrameTrivOfFibreTriv_atlas' depends on axioms: [propext, Classical.choice, Quot.sound]
info: RequestProject/Spine/E2/Topology/Task27.lean:258:0: 'NullSectorTask27.MetricOrientedFibreAtlas.frameSection' depends on axioms: [propext, Classical.choice, Quot.sound]
info: RequestProject/Spine/E2/Topology/Task27.lean:259:0: 'NullSectorTask27.MetricOrientedFibreAtlas.continuous_frameSection' depends on axioms: [propext,
 Classical.choice,
 Quot.sound]
info: RequestProject/Spine/E2/Topology/Task27.lean:260:0: 'NullSectorTask27.exists_continuous_global_frameSection' depends on axioms: [propext, Classical.choice, Quot.sound]
info: RequestProject/Spine/E2/Topology/Task27.lean:261:0: 'NullSectorTask27.TopologicalFrameFamily' depends on axioms: [propext, Classical.choice, Quot.sound]
info: RequestProject/Spine/E2/Topology/Task27.lean:262:0: 'NullSectorTask27.TopologicalFrameFamily.continuous_fibreBase' depends on axioms: [propext,
 Classical.choice,
 Quot.sound]
info: RequestProject/Spine/E2/Topology/Task27.lean:263:0: 'NullSectorTask27.TopologicalFrameFamily.continuous_frameBase' depends on axioms: [propext,
 Classical.choice,
 Quot.sound]
info: RequestProject/Spine/E2/Topology/Task27.lean:264:0: 'NullSectorTask27.TopologicalFrameFamily.frameAction_free_transitive' depends on axioms: [propext,
 Classical.choice,
 Quot.sound]
info: RequestProject/Spine/E2/Topology/Task27.lean:265:0: 'NullSectorTask27.OrdinaryTransitionSystem' depends on axioms: [propext, Classical.choice, Quot.sound]
info: RequestProject/Spine/E2/Topology/Task27.lean:266:0: 'NullSectorTask27.TopologicalFrameFamily.toOrdinaryTransitionSystem' depends on axioms: [propext,
 Classical.choice,
 Quot.sound]
✔ [8192/8356] Built RequestProject.Spine.Emergent.Symmetric (9.3s)
ℹ [8193/8356] Built RequestProject.Spine.E1.Topology.SpinCoverTopology (24s)
info: RequestProject/Spine/E1/Topology/SpinCoverTopology.lean:227:0: 'SpinCore.instTopologicalSpaceCl3' depends on axioms: [propext, Classical.choice, Quot.sound]
info: RequestProject/Spine/E1/Topology/SpinCoverTopology.lean:228:0: 'SpinCore.instIsTopologicalRingCl3' depends on axioms: [propext, Classical.choice, Quot.sound]
info: RequestProject/Spine/E1/Topology/SpinCoverTopology.lean:229:0: 'SpinCore.instT2SpaceCl3' depends on axioms: [propext, Classical.choice, Quot.sound]
info: RequestProject/Spine/E1/Topology/SpinCoverTopology.lean:230:0: 'SpinCore.Cl3_topology_unique' depends on axioms: [propext, Classical.choice, Quot.sound]
info: RequestProject/Spine/E1/Topology/SpinCoverTopology.lean:231:0: 'SpinCore.instIsTopologicalRingEndLor' depends on axioms: [propext, Classical.choice, Quot.sound]
info: RequestProject/Spine/E1/Topology/SpinCoverTopology.lean:232:0: 'SpinCore.EndLor_topology_unique' depends on axioms: [propext, Classical.choice, Quot.sound]
info: RequestProject/Spine/E1/Topology/SpinCoverTopology.lean:233:0: 'SpinCore.instIsTopologicalGroupGLor' depends on axioms: [propext, Classical.choice, Quot.sound]
info: RequestProject/Spine/E1/Topology/SpinCoverTopology.lean:234:0: 'SpinCore.instIsTopologicalGroupSpinGroup' depends on axioms: [propext, Classical.choice, Quot.sound]
info: RequestProject/Spine/E1/Topology/SpinCoverTopology.lean:235:0: 'SpinCore.continuous_spinLorLin' depends on axioms: [propext, Classical.choice, Quot.sound]
info: RequestProject/Spine/E1/Topology/SpinCoverTopology.lean:236:0: 'SpinCore.continuous_spinCover' depends on axioms: [propext, Classical.choice, Quot.sound]
info: RequestProject/Spine/E1/Topology/SpinCoverTopology.lean:237:0: 'SpinCore.instDiscreteTopologySpinCoverKer' depends on axioms: [propext, Classical.choice, Quot.sound]
info: RequestProject/Spine/E1/Topology/SpinCoverTopology.lean:238:0: 'SpinCore.topologicalSpinProjection' depends on axioms: [propext, Classical.choice, Quot.sound]
info: RequestProject/Spine/E1/Topology/SpinCoverTopology.lean:239:0: 'SpinCore.intrinsic_spin_cover_topological' depends on axioms: [propext, Classical.choice, Quot.sound]
✔ [8194/8356] Built RequestProject.Spine.E2.Lift.TransitionLiftBase (9.2s)
✔ [8195/8356] Built RequestProject.Spine.Emergent.NonDerivability (21s)
✔ [8196/8356] Built RequestProject.Spine.Emergent.SmoothGate (21s)
✔ [8197/8356] Built RequestProject.Spine.Emergent.SymmetricCanonical (21s)
✔ [8198/8356] Built RequestProject.Spine.E2.Lift.LocalInternalRepresentatives (20s)
ℹ [8199/8356] Built RequestProject.Spine.Emergent.LocalPieceData (15s)
info: RequestProject/Spine/Emergent/LocalPieceData.lean:108:0: 'EmergentBase.LocalPieceData' does not depend on any axioms
info: RequestProject/Spine/Emergent/LocalPieceData.lean:109:0: 'EmergentBase.BaseGluingData.toLocalPieceData' depends on axioms: [propext, Quot.sound]
info: RequestProject/Spine/Emergent/LocalPieceData.lean:110:0: 'EmergentBase.base_incidence_not_determined_by_local_piece_data' depends on axioms: [propext,
 Classical.choice,
 Quot.sound]
info: RequestProject/Spine/Emergent/LocalPieceData.lean:111:0: 'EmergentBase.no_reconstruction_from_local_piece_data' depends on axioms: [propext, Classical.choice, Quot.sound]
ℹ [8200/8356] Built RequestProject.Spine.E1.Topology.LocalSection (37s)
info: RequestProject/Spine/E1/Topology/LocalSection.lean:655:0: 'SpinCore.fierz_eq_central' depends on axioms: [propext, Classical.choice, Quot.sound]
info: RequestProject/Spine/E1/Topology/LocalSection.lean:656:0: 'SpinCore.recon_spinLorLin' depends on axioms: [propext, Classical.choice, Quot.sound]
info: RequestProject/Spine/E1/Topology/LocalSection.lean:657:0: 'SpinCore.secCl_spinCover' depends on axioms: [propext, Classical.choice, Quot.sound]
info: RequestProject/Spine/E1/Topology/LocalSection.lean:658:0: 'SpinCore.spinCover_spinSection' depends on axioms: [propext, Classical.choice, Quot.sound]
info: RequestProject/Spine/E1/Topology/LocalSection.lean:659:0: 'SpinCore.continuousOn_spinSection' depends on axioms: [propext, Classical.choice, Quot.sound]
info: RequestProject/Spine/E1/Topology/LocalSection.lean:660:0: 'SpinCore.spinSection_one' depends on axioms: [propext, Classical.choice, Quot.sound]
info: RequestProject/Spine/E1/Topology/LocalSection.lean:661:0: 'SpinCore.lift_ambiguity' depends on axioms: [propext, Classical.choice, Quot.sound]
info: RequestProject/Spine/E1/Topology/LocalSection.lean:662:0: 'SpinCore.spinCover_hasLocalSection' depends on axioms: [propext, Classical.choice, Quot.sound]
info: RequestProject/Spine/E1/Topology/LocalSection.lean:663:0: 'SpinCore.intrinsic_spin_cover_local_two_sheets' depends on axioms: [propext, Classical.choice, Quot.sound]
info: RequestProject/Spine/E1/Topology/LocalSection.lean:664:0: 'SpinCore.intrinsic_spin_cover_hasLocalSection' depends on axioms: [propext, Classical.choice, Quot.sound]
✔ [8201/8356] Built RequestProject.Spine.Emergent.SmoothStructure (17s)
✔ [8202/8356] Built RequestProject.Spine.E2.Lift.KernelAmbiguity (17s)
✔ [8203/8356] Built RequestProject.Spine.Controls.CircleDoubleCover (18s)
✔ [8204/8356] Built RequestProject.Spine.E2.Lift.TripleOverlapDefect (20s)
ℹ [8205/8356] Built RequestProject.Spine.E2.SpinProjection (23s)
info: RequestProject/Spine/E2/SpinProjection.lean:80:0: 'SpinCore.internalSpinProjection' depends on axioms: [propext, Classical.choice, Quot.sound]
info: RequestProject/Spine/E2/SpinProjection.lean:81:0: 'SpinCore.intrinsic_spin_internal_projection' depends on axioms: [propext, Classical.choice, Quot.sound]
ℹ [8206/8356] Built RequestProject.Spine.Emergent.TangentTransition (25s)
info: RequestProject/Spine/Emergent/TangentTransition.lean:221:0: 'EmergentBase.BaseGluingData.tangentTransitionMap' depends on axioms: [propext, Classical.choice, Quot.sound]
info: RequestProject/Spine/Emergent/TangentTransition.lean:222:0: 'EmergentBase.BaseGluingData.tangentTransition' depends on axioms: [propext, Classical.choice, Quot.sound]
info: RequestProject/Spine/Emergent/TangentTransition.lean:223:0: 'EmergentBase.BaseGluingData.tangentTransition_eq_derivative_baseTransition' depends on axioms: [propext,
 Classical.choice,
 Quot.sound]
info: RequestProject/Spine/Emergent/TangentTransition.lean:224:0: 'EmergentBase.BaseGluingData.exists_tangentTransition_of_mem_atlas' depends on axioms: [propext,
 Classical.choice,
 Quot.sound]
ℹ [8207/8356] Built RequestProject.Spine.E1.Topology.Core (25s)
info: RequestProject/Spine/E1/Topology/Core.lean:75:0: 'SpinCore.spin_double_cover_topological' depends on axioms: [propext, Classical.choice, Quot.sound]
info: RequestProject/Spine/E1/Topology/Core.lean:76:0: 'SpinCore.topologicalSpinProjection' depends on axioms: [propext, Classical.choice, Quot.sound]
info: RequestProject/Spine/E1/Topology/Core.lean:77:0: 'SpinCore.spin_double_cover_local_sections' depends on axioms: [propext, Classical.choice, Quot.sound]
ℹ [8208/8356] Built RequestProject.Spine.Emergent.SymmetricSmooth (29s)
info: RequestProject/Spine/Emergent/SymmetricSmooth.lean:182:0: 'EmergentBase.BaseGluingData.pieceChart' depends on axioms: [propext, Classical.choice, Quot.sound]
info: RequestProject/Spine/Emergent/SymmetricSmooth.lean:183:0: 'EmergentBase.BaseGluingData.chartOfPoint_eq_pieceChart' depends on axioms: [propext, Classical.choice, Quot.sound]
info: RequestProject/Spine/Emergent/SymmetricSmooth.lean:184:0: 'EmergentBase.BaseGluingData.transition_source' depends on axioms: [propext, Classical.choice, Quot.sound]
info: RequestProject/Spine/Emergent/SymmetricSmooth.lean:185:0: 'EmergentBase.BaseGluingData.transition_apply' depends on axioms: [propext, Classical.choice, Quot.sound]
info: RequestProject/Spine/Emergent/SymmetricSmooth.lean:186:0: 'EmergentBase.BaseGluingData.contDiffOn_transition' depends on axioms: [propext, Classical.choice, Quot.sound]
info: RequestProject/Spine/Emergent/SymmetricSmooth.lean:187:0: 'EmergentBase.BaseGluingData.hasGroupoid_of_smoothGluing' depends on axioms: [propext, Classical.choice, Quot.sound]
info: RequestProject/Spine/Emergent/SymmetricSmooth.lean:188:0: 'EmergentBase.BaseGluingData.isManifold_of_smoothGluing' depends on axioms: [propext, Classical.choice, Quot.sound]
info: RequestProject/Spine/Emergent/SymmetricSmooth.lean:189:0: 'EmergentBase.BaseGluingData.smoothEmergentManifoldCertificate' depends on axioms: [propext,
 Classical.choice,
 Quot.sound]
info: RequestProject/Spine/Emergent/SymmetricSmooth.lean:190:0: 'EmergentBase.not_smoothGluing_nonSmoothGluing' depends on axioms: [propext, Classical.choice, Quot.sound]
info: RequestProject/Spine/Emergent/SymmetricSmooth.lean:191:0: 'EmergentBase.nonSmoothGluing_topological_reconstruction' depends on axioms: [propext, Classical.choice, Quot.sound]
info: RequestProject/Spine/Emergent/SymmetricSmooth.lean:192:0: 'EmergentBase.symmetricGluing.coordinate' depends on axioms: [propext, Classical.choice, Quot.sound]
info: RequestProject/Spine/Emergent/SymmetricSmooth.lean:193:0: 'EmergentBase.symmetricGluing.coordinate_chart' depends on axioms: [propext, Classical.choice, Quot.sound]
info: RequestProject/Spine/Emergent/SymmetricSmooth.lean:194:0: 'EmergentBase.symmetricGluing.chart_coordinate' depends on axioms: [propext, Classical.choice, Quot.sound]
info: RequestProject/Spine/Emergent/SymmetricSmooth.lean:195:0: 'EmergentBase.symmetricGluing.chart_independent_of_index' depends on axioms: [propext, Classical.choice, Quot.sound]
info: RequestProject/Spine/Emergent/SymmetricSmooth.lean:196:0: 'EmergentBase.symmetricGluing.baseHomeomorph' depends on axioms: [propext, Classical.choice, Quot.sound]
info: RequestProject/Spine/Emergent/SymmetricSmooth.lean:197:0: 'EmergentBase.symmetricGluing.baseHomeomorph_symm_apply' depends on axioms: [propext, Classical.choice, Quot.sound]
info: RequestProject/Spine/Emergent/SymmetricSmooth.lean:198:0: 'EmergentBase.symmetricCanonicalHomeomorph' depends on axioms: [propext, Classical.choice, Quot.sound]
info: RequestProject/Spine/Emergent/SymmetricSmooth.lean:199:0: 'EmergentBase.symmetricCanonicalHomeomorph_refl' depends on axioms: [propext, Classical.choice, Quot.sound]
info: RequestProject/Spine/Emergent/SymmetricSmooth.lean:200:0: 'EmergentBase.symmetricCanonicalHomeomorph_symm' depends on axioms: [propext, Classical.choice, Quot.sound]
info: RequestProject/Spine/Emergent/SymmetricSmooth.lean:201:0: 'EmergentBase.symmetricCanonicalHomeomorph_trans' depends on axioms: [propext, Classical.choice, Quot.sound]
info: RequestProject/Spine/Emergent/SymmetricSmooth.lean:202:0: 'EmergentBase.symmetric_emergent_base_canonical' depends on axioms: [propext, Classical.choice, Quot.sound]
info: RequestProject/Spine/Emergent/SymmetricSmooth.lean:203:0: 'EmergentBase.symmetricGluing.isManifold' depends on axioms: [propext, Classical.choice, Quot.sound]
info: RequestProject/Spine/Emergent/SymmetricSmooth.lean:204:0: 'EmergentBase.contMDiff_symmetricCanonicalHomeomorph' depends on axioms: [propext, Classical.choice, Quot.sound]
info: RequestProject/Spine/Emergent/SymmetricSmooth.lean:205:0: 'EmergentBase.symmetricCanonicalDiffeomorph' depends on axioms: [propext, Classical.choice, Quot.sound]
info: RequestProject/Spine/Emergent/SymmetricSmooth.lean:206:0: 'EmergentBase.symmetric_emergent_base_canonical_smooth' depends on axioms: [propext, Classical.choice, Quot.sound]
✔ [8209/8356] Built RequestProject.Spine.E2.Lift.RepresentativeChange (11s)
ℹ [8210/8356] Built RequestProject.Spine.E1.Core (17s)
info: RequestProject/Spine/E1/Core.lean:148:0: 'SpinCore.lorentz_quadratic_form' depends on axioms: [propext, Classical.choice, Quot.sound]
info: RequestProject/Spine/E1/Core.lean:149:0: 'SpinCore.mem_lorentz_group_iff' depends on axioms: [propext, Classical.choice, Quot.sound]
info: RequestProject/Spine/E1/Core.lean:150:0: 'SpinCore.clifford_generator_square' depends on axioms: [propext, Classical.choice, Quot.sound]
info: RequestProject/Spine/E1/Core.lean:151:0: 'SpinCore.paravector_norm' depends on axioms: [propext, Classical.choice, Quot.sound]
info: RequestProject/Spine/E1/Core.lean:152:0: 'SpinCore.spin_double_cover_of_lorentz' depends on axioms: [propext, Classical.choice, Quot.sound]
info: RequestProject/Spine/E1/Core.lean:153:0: 'SpinCore.spin_double_cover_bundled' depends on axioms: [propext, Classical.choice, Quot.sound]
info: RequestProject/Spine/E1/Core.lean:154:0: 'SpinCore.spin_double_cover_topological_endpoint' depends on axioms: [propext, Classical.choice, Quot.sound]
info: RequestProject/Spine/E1/Core.lean:155:0: 'SpinCore.spin_double_cover_local_section_endpoint' depends on axioms: [propext, Classical.choice, Quot.sound]
info: RequestProject/Spine/E1/Core.lean:156:0: 'SpinCore.weyl_clifford_module' depends on axioms: [propext, Classical.choice, Quot.sound]
✔ [8211/8356] Built RequestProject.Spine.E2.Cech.Cover (11s)
✔ [8212/8356] Built RequestProject.Spine.E2.Lift.TransitionSystem (12s)
✔ [8213/8356] Built RequestProject.Spine.E2.Cech.LocalLifts (26s)
✔ [8214/8356] Built RequestProject.Spine.SpinNative.TransitionData (27s)
✔ [8215/8356] Built RequestProject.Spine.Emergent.CoverAdapter (27s)
✔ [8216/8356] Built RequestProject.Spine.Cech.CoverNerve (27s)
✔ [8217/8356] Built RequestProject.Spine.Geometry.FrameField (28s)
ℹ [8218/8356] Built RequestProject.Spine.E2.Lift.LiftLevels (28s)
info: RequestProject/Spine/E2/Lift/LiftLevels.lean:158:0: 'NullSectorTask28.InternalProjection.exists_local_continuous_internal_rep' depends on axioms: [propext,
 Classical.choice,
 Quot.sound]
info: RequestProject/Spine/E2/Lift/LiftLevels.lean:159:0: 'NullSectorTask28.InternalProjection.refinementOfContinuous' depends on axioms: [propext, Classical.choice, Quot.sound]
info: RequestProject/Spine/E2/Lift/LiftLevels.lean:160:0: 'NullSectorTask28.InternalProjection.exists_local_rep_of_transitionSystem' depends on axioms: [propext,
 Classical.choice,
 Quot.sound]
info: RequestProject/Spine/E2/Lift/LiftLevels.lean:161:0: 'NullSectorTask28.InternalProjection.overlapRefinement' depends on axioms: [propext, Classical.choice, Quot.sound]
info: RequestProject/Spine/E2/Lift/LiftLevels.lean:164:0: 'NullSectorTask28.InternalProjection.relFactor_mem_ker' depends on axioms: [propext, Classical.choice, Quot.sound]
info: RequestProject/Spine/E2/Lift/LiftLevels.lean:165:0: 'NullSectorTask28.InternalProjection.relFactor_isKerFunOn' depends on axioms: [propext, Classical.choice, Quot.sound]
info: RequestProject/Spine/E2/Lift/LiftLevels.lean:166:0: 'NullSectorTask28.InternalProjection.continuous_internal_reps_difference_unique_kerSign' depends on axioms: [propext,
 Classical.choice,
 Quot.sound]
info: RequestProject/Spine/E2/Lift/LiftLevels.lean:167:0: 'NullSectorTask28.InternalProjection.isInternalRepOn_kerFun_mul' depends on axioms: [propext,
 Classical.choice,
 Quot.sound]
info: RequestProject/Spine/E2/Lift/LiftLevels.lean:168:0: 'NullSectorTask28.InternalProjection.internal_reps_free_transitive' depends on axioms: [propext,
 Classical.choice,
 Quot.sound]
info: RequestProject/Spine/E2/Lift/LiftLevels.lean:169:0: 'NullSectorTask28.InternalProjection.isLocallyConstant_toKerFun' depends on axioms: [propext,
 Classical.choice,
 Quot.sound]
info: RequestProject/Spine/E2/Lift/LiftLevels.lean:170:0: 'NullSectorTask28.InternalProjection.toKerFun_const_of_connected' depends on axioms: [propext,
 Classical.choice,
 Quot.sound]
info: RequestProject/Spine/E2/Lift/LiftLevels.lean:171:0: 'NullSectorTask28.InternalProjection.exists_nonconstant_kerFun_of_disconnected' depends on axioms: [propext,
 Classical.choice,
 Quot.sound]
info: RequestProject/Spine/E2/Lift/LiftLevels.lean:174:0: 'NullSectorTask28.InternalProjection.isInternalRepOn_one' depends on axioms: [propext, Classical.choice, Quot.sound]
info: RequestProject/Spine/E2/Lift/LiftLevels.lean:175:0: 'NullSectorTask28.InternalProjection.isInternalRepOn_inv' depends on axioms: [propext, Classical.choice, Quot.sound]
info: RequestProject/Spine/E2/Lift/LiftLevels.lean:176:0: 'NullSectorTask28.InternalProjection.inv_rep_difference_unique' depends on axioms: [propext,
 Classical.choice,
 Quot.sound]
info: RequestProject/Spine/E2/Lift/LiftLevels.lean:179:0: 'NullSectorTask28.InternalProjection.tripleDefect_mem_ker' depends on axioms: [propext, Classical.choice, Quot.sound]
info: RequestProject/Spine/E2/Lift/LiftLevels.lean:180:0: 'NullSectorTask28.InternalProjection.tripleDefect_isKerFunOn' depends on axioms: [propext, Classical.choice, Quot.sound]
info: RequestProject/Spine/E2/Lift/LiftLevels.lean:181:0: 'NullSectorTask28.InternalProjection.tripleDefect_isLocallyConstant' depends on axioms: [propext,
 Classical.choice,
 Quot.sound]
info: RequestProject/Spine/E2/Lift/LiftLevels.lean:182:0: 'NullSectorTask28.InternalProjection.tripleDefect_const_of_connected' depends on axioms: [propext,
 Classical.choice,
 Quot.sound]
info: RequestProject/Spine/E2/Lift/LiftLevels.lean:183:0: 'NullSectorTask28.InternalProjection.triple_overlap_defect' depends on axioms: [propext, Classical.choice, Quot.sound]
info: RequestProject/Spine/E2/Lift/LiftLevels.lean:184:0: 'NullSectorTask28.InternalProjection.exact_internal_transition_compatibility_iff_defect_trivial' depends on axioms: [propext]
info: RequestProject/Spine/E2/Lift/LiftLevels.lean:187:0: 'NullSectorTask28.InternalProjection.triple_defect_change_of_rep' depends on axioms: [propext,
 Classical.choice,
 Quot.sound]
info: RequestProject/Spine/E2/Lift/LiftLevels.lean:188:0: 'NullSectorTask28.InternalProjection.defect_changes_of_nontrivial_kerFun' depends on axioms: [propext,
 Classical.choice,
 Quot.sound]
info: RequestProject/Spine/E2/Lift/LiftLevels.lean:189:0: 'NullSectorTask28.InternalProjection.defect_eq_iff_changeFactor_trivial' depends on axioms: [propext,
 Classical.choice,
 Quot.sound]
info: RequestProject/Spine/E2/Lift/LiftLevels.lean:190:0: 'NullSectorTask28.InternalProjection.quadruple_defect_consistency' depends on axioms: [propext,
 Classical.choice,
 Quot.sound]
info: RequestProject/Spine/E2/Lift/LiftLevels.lean:191:0: 'NullSectorTask28.InternalProjection.refinement_comparison_kerFun' depends on axioms: [propext,
 Classical.choice,
 Quot.sound]
info: RequestProject/Spine/E2/Lift/LiftLevels.lean:192:0: 'NullSectorTask28.InternalProjection.refinement_comparison_defect' depends on axioms: [propext,
 Classical.choice,
 Quot.sound]
info: RequestProject/Spine/E2/Lift/LiftLevels.lean:195:0: 'NullSectorTask28.InternalProjection.proj_rep_eq_transition' depends on axioms: [propext, Classical.choice, Quot.sound]
info: RequestProject/Spine/E2/Lift/LiftLevels.lean:196:0: 'NullSectorTask28.InternalProjection.local_action_diagram_commutes' depends on axioms: [propext,
 Classical.choice,
 Quot.sound]
info: RequestProject/Spine/E2/Lift/LiftLevels.lean:199:0: 'NullSectorTask28.candidateOfSystem' depends on axioms: [propext, Classical.choice, Quot.sound]
info: RequestProject/Spine/E2/Lift/LiftLevels.lean:200:0: 'NullSectorTask28.InternalTransitionCandidate.defect_isKerFunOn' depends on axioms: [propext,
 Classical.choice,
 Quot.sound]
info: RequestProject/Spine/E2/Lift/LiftLevels.lean:201:0: 'NullSectorTask28.InternalTransitionCandidate.defect_isLocallyConstant' depends on axioms: [propext,
 Classical.choice,
 Quot.sound]
info: RequestProject/Spine/E2/Lift/LiftLevels.lean:202:0: 'NullSectorTask28.InternalTransitionCandidate.exact_compatibility_iff_defect_trivial' depends on axioms: [propext,
 Classical.choice,
 Quot.sound]
info: RequestProject/Spine/E2/Lift/LiftLevels.lean:205:0: 'NullSectorTask28.level_A_pointwise_representable' depends on axioms: [propext, Classical.choice, Quot.sound]
info: RequestProject/Spine/E2/Lift/LiftLevels.lean:206:0: 'NullSectorTask28.level_B_locally_continuously_representable' depends on axioms: [propext, Classical.choice, Quot.sound]
info: RequestProject/Spine/E2/Lift/LiftLevels.lean:207:0: 'NullSectorTask28.levelC_imp_defect_trivial' depends on axioms: [propext, Classical.choice, Quot.sound]
info: RequestProject/Spine/E2/Lift/LiftLevels.lean:208:0: 'NullSectorTask28.defect_trivial_imp_exact_compatibility' depends on axioms: [propext, Classical.choice, Quot.sound]
info: RequestProject/Spine/E2/Lift/LiftLevels.lean:209:0: 'NullSectorTask28.exact_compatibility_of_trivialisation' depends on axioms: [propext, Classical.choice, Quot.sound]
info: RequestProject/Spine/E2/Lift/LiftLevels.lean:212:0: 'NullSectorTask28.inherited_locally_representable' depends on axioms: [propext, Classical.choice, Quot.sound]
✔ [8219/8356] Built RequestProject.Spine.SpinNative.Projection (16s)
✔ [8220/8356] Built RequestProject.Spine.E2.Cech.Defect (17s)
ℹ [8221/8356] Built RequestProject.Spine.E2.Descent.Inherited (17s)
info: RequestProject/Spine/E2/Descent/Inherited.lean:48:0: InternalProjection : (L : Type u_1) →
  (G : Type u_2) →
    [inst : Group L] →
      [inst_1 : TopologicalSpace L] → [IsTopologicalGroup L] → [Group G] → [TopologicalSpace G] → Type (max u_1 u_2)
info: RequestProject/Spine/E2/Descent/Inherited.lean:49:0: @InternalProjection.Ker : {L : Type u_1} →
  {G : Type u_2} →
    [inst : Group L] →
      [inst_1 : TopologicalSpace L] →
        [inst_2 : IsTopologicalGroup L] →
          [inst_3 : Group G] → [inst_4 : TopologicalSpace G] → InternalProjection L G → Subgroup L
info: RequestProject/Spine/E2/Descent/Inherited.lean:50:0: @InternalProjection.IsInternalRepOn : {L : Type u_1} →
  {G : Type u_2} →
    [inst : Group L] →
      [inst_1 : TopologicalSpace L] →
        [inst_2 : IsTopologicalGroup L] →
          [inst_3 : Group G] →
            [inst_4 : TopologicalSpace G] →
              {X : Type u_3} → [TopologicalSpace X] → InternalProjection L G → (X → G) → Set X → (X → L) → Prop
info: RequestProject/Spine/E2/Descent/Inherited.lean:51:0: @InternalProjection.IsKerFunOn : {L : Type u_1} →
  {G : Type u_2} →
    [inst : Group L] →
      [inst_1 : TopologicalSpace L] →
        [inst_2 : IsTopologicalGroup L] →
          [inst_3 : Group G] →
            [inst_4 : TopologicalSpace G] →
              {X : Type u_3} → [TopologicalSpace X] → InternalProjection L G → Set X → (X → L) → Prop
info: RequestProject/Spine/E2/Descent/Inherited.lean:52:0: @InternalProjection.relFactor : {L : Type u_1} → [Group L] → {X : Type u_2} → (X → L) → (X → L) → X → L
info: RequestProject/Spine/E2/Descent/Inherited.lean:53:0: @InternalProjection.isInternalRepOn_kerFun_mul : ∀ {L : Type u_1} {G : Type u_2} [inst : Group L]
  [inst_1 : TopologicalSpace L] [inst_2 : IsTopologicalGroup L] [inst_3 : Group G] [inst_4 : TopologicalSpace G]
  {X : Type u_3} [inst_5 : TopologicalSpace X] (P : InternalProjection L G) {g : X → G} {V : Set X} {u e : X → L},
  P.IsInternalRepOn g V u → P.IsKerFunOn V e → P.IsInternalRepOn g V fun x => e x * u x
info: RequestProject/Spine/E2/Descent/Inherited.lean:54:0: @InternalProjection.relFactor_isKerFunOn : ∀ {L : Type u_1} {G : Type u_2} [inst : Group L]
  [inst_1 : TopologicalSpace L] [inst_2 : IsTopologicalGroup L] [inst_3 : Group G] [inst_4 : TopologicalSpace G]
  {X : Type u_3} [inst_5 : TopologicalSpace X] (P : InternalProjection L G) {g : X → G} {V : Set X} {u v : X → L},
  P.IsInternalRepOn g V u → P.IsInternalRepOn g V v → P.IsKerFunOn V (InternalProjection.relFactor u v)
info: RequestProject/Spine/E2/Descent/Inherited.lean:55:0: @InternalProjection.isLocallyConstant_toKerFun : ∀ {L : Type u_1} {G : Type u_2} [inst : Group L]
  [inst_1 : TopologicalSpace L] [inst_2 : IsTopologicalGroup L] [inst_3 : Group G] [inst_4 : TopologicalSpace G]
  {X : Type u_3} [inst_5 : TopologicalSpace X] (P : InternalProjection L G) {V : Set X} {e : X → L}
  (h : P.IsKerFunOn V e), IsLocallyConstant (P.toKerFun h)
info: RequestProject/Spine/E2/Descent/Inherited.lean:58:0: TransitionSystem : (B : Type u_1) →
  [TopologicalSpace B] → Type u_3 → (G : Type u_2) → [Group G] → [TopologicalSpace G] → Type (max (max u_3 u_1) u_2)
info: RequestProject/Spine/E2/Descent/Inherited.lean:59:0: @TransitionSystem.tripleDom : {B : Type u_1} →
  [inst : TopologicalSpace B] →
    {ι : Type u_3} →
      {G : Type u_2} → [inst_1 : Group G] → [inst_2 : TopologicalSpace G] → TransitionSystem B ι G → ι → ι → ι → Set B
info: RequestProject/Spine/E2/Descent/Inherited.lean:60:0: @TransitionSystem.g_trans_on : ∀ {B : Type u_1} [inst : TopologicalSpace B] {ι : Type u_3} {G : Type u_2}
  [inst_1 : Group G] [inst_2 : TopologicalSpace G] (S : TransitionSystem B ι G) (i j k : ι) (x : ↑(S.tripleDom i j k)),
  S.g i k (S.incIK i j k x) = S.g j k (S.incJK i j k x) * S.g i j (S.incIJ i j k x)
info: RequestProject/Spine/E2/Descent/Inherited.lean:64:0: @InternalProjection.tripleDefect : {L : Type u_1} → [Group L] → {X : Type u_2} → (X → L) → (X → L) → (X → L) → X → L
info: RequestProject/Spine/E2/Descent/Inherited.lean:65:0: @InternalProjection.triple_defect_change_of_rep : ∀ {L : Type u_1} {G : Type u_2} [inst : Group L]
  [inst_1 : TopologicalSpace L] [inst_2 : IsTopologicalGroup L] [inst_3 : Group G] [inst_4 : TopologicalSpace G]
  {X : Type u_3} [inst_5 : TopologicalSpace X] (P : InternalProjection L G) {V : Set X}
  {uij ujk uik eij ejk eik : X → L},
  P.IsKerFunOn V eij →
    P.IsKerFunOn V eik →
      ∀ {x : X},
        x ∈ V →
          InternalProjection.tripleDefect (fun y => eij y * uij y) (fun y => ejk y * ujk y) (fun y => eik y * uik y) x =
            ejk x * eij x * (eik x)⁻¹ * InternalProjection.tripleDefect uij ujk uik x
info: RequestProject/Spine/E2/Descent/Inherited.lean:66:0: @InternalProjection.quadruple_defect_consistency : ∀ {L : Type u_1} {G : Type u_2} [inst : Group L]
  [inst_1 : TopologicalSpace L] [inst_2 : IsTopologicalGroup L] [inst_3 : Group G] [inst_4 : TopologicalSpace G]
  {X : Type u_3} [inst_5 : TopologicalSpace X] (P : InternalProjection L G) {V : Set X}
  {uij ujk ukl uik ujl uil : X → L} {gij gjk gkl gik gjl : X → G},
  P.IsInternalRepOn gij V uij →
    P.IsInternalRepOn gjk V ujk →
      P.IsInternalRepOn gkl V ukl →
        P.IsInternalRepOn gik V uik →
          P.IsInternalRepOn gjl V ujl →
            (∀ x ∈ V, gik x = gjk x * gij x) →
              (∀ x ∈ V, gjl x = gkl x * gjk x) →
                ∀ {x : X},
                  x ∈ V →
                    InternalProjection.tripleDefect uij ujk uik x * InternalProjection.tripleDefect uik ukl uil x =
                      InternalProjection.tripleDefect ujk ukl ujl x * InternalProjection.tripleDefect uij ujl uil x
info: RequestProject/Spine/E2/Descent/Inherited.lean:67:0: @InternalTransitionCandidate : {L : Type u_3} →
  {G : Type u_2} →
    [inst : Group L] →
      [inst_1 : TopologicalSpace L] →
        [inst_2 : IsTopologicalGroup L] →
          [inst_3 : Group G] →
            [inst_4 : TopologicalSpace G] →
              InternalProjection L G →
                {B : Type u_1} →
                  [inst : TopologicalSpace B] →
                    {ι : Type u_4} → TransitionSystem B ι G → Type (max (max u_4 (u_1 + 1)) u_3)
info: RequestProject/Spine/E2/Descent/Inherited.lean:68:0: @InternalTransitionCandidate.defect : {L : Type u_3} →
  {G : Type u_2} →
    [inst : Group L] →
      [inst_1 : TopologicalSpace L] →
        [inst_2 : IsTopologicalGroup L] →
          [inst_3 : Group G] →
            [inst_4 : TopologicalSpace G] →
              {P : InternalProjection L G} →
                {B : Type u_1} →
                  [inst_5 : TopologicalSpace B] →
                    {ι : Type u_4} →
                      {S : TransitionSystem B ι G} →
                        (C : InternalTransitionCandidate P S) →
                          (i j k : ι) → C.Idx i j → C.Idx j k → C.Idx i k → ↑(S.tripleDom i j k) → L
info: RequestProject/Spine/E2/Descent/Inherited.lean:69:0: @InternalTransitionCandidate.defectDom : {L : Type u_3} →
  {G : Type u_2} →
    [inst : Group L] →
      [inst_1 : TopologicalSpace L] →
        [inst_2 : IsTopologicalGroup L] →
          [inst_3 : Group G] →
            [inst_4 : TopologicalSpace G] →
              {P : InternalProjection L G} →
                {B : Type u_1} →
                  [inst_5 : TopologicalSpace B] →
                    {ι : Type u_4} →
                      {S : TransitionSystem B ι G} →
                        (C : InternalTransitionCandidate P S) →
                          (i j k : ι) → C.Idx i j → C.Idx j k → C.Idx i k → Set ↑(S.tripleDom i j k)
info: RequestProject/Spine/E2/Descent/Inherited.lean:70:0: @IsCompatibleInternalTransitionSystem : {L : Type u_3} →
  {G : Type u_2} →
    [inst : Group L] →
      [inst_1 : TopologicalSpace L] →
        [inst_2 : IsTopologicalGroup L] →
          [inst_3 : Group G] →
            [inst_4 : TopologicalSpace G] →
              {P : InternalProjection L G} →
                {B : Type u_1} →
                  [inst_5 : TopologicalSpace B] →
                    {ι : Type u_4} → {S : TransitionSystem B ι G} → InternalTransitionCandidate P S → Prop
info: RequestProject/Spine/E2/Descent/Inherited.lean:71:0: @CanTrivialiseSimultaneously : {L : Type u_3} →
  {G : Type u_2} →
    [inst : Group L] →
      [inst_1 : TopologicalSpace L] →
        [inst_2 : IsTopologicalGroup L] →
          [inst_3 : Group G] →
            [inst_4 : TopologicalSpace G] →
              (P : InternalProjection L G) →
                {B : Type u_1} →
                  [inst_5 : TopologicalSpace B] →
                    {ι : Type u_4} → (S : TransitionSystem B ι G) → InternalTransitionCandidate P S → Prop
ℹ [8222/8356] Built RequestProject.Spine.E2.SpinProjectionIntegration (26s)
info: RequestProject/Spine/E2/SpinProjectionIntegration.lean:104:0: 'SpinCore.spin_local_internal_representative' depends on axioms: [propext, Classical.choice, Quot.sound]
info: RequestProject/Spine/E2/SpinProjectionIntegration.lean:105:0: 'SpinCore.spin_internal_reps_differ_by_kernel' depends on axioms: [propext, Classical.choice, Quot.sound]
info: RequestProject/Spine/E2/SpinProjectionIntegration.lean:106:0: 'SpinCore.spin_levelB' depends on axioms: [propext, Classical.choice, Quot.sound]
info: RequestProject/Spine/E2/SpinProjectionIntegration.lean:107:0: 'SpinCore.spin_levelB_taut' depends on axioms: [propext, Classical.choice, Quot.sound]
info: RequestProject/Spine/E2/SpinProjectionIntegration.lean:108:0: 'SpinCore.spin_defect_isKerFunOn' depends on axioms: [propext, Classical.choice, Quot.sound]
info: RequestProject/Spine/E2/SpinProjectionIntegration.lean:109:0: 'SpinCore.spin_defect_isLocallyConstant' depends on axioms: [propext, Classical.choice, Quot.sound]
✔ [8223/8356] Built RequestProject.Spine.E2.Cech.Coboundary (17s)
✔ [8224/8356] Built RequestProject.Spine.SpinNative.KernelTwist (18s)
✔ [8225/8356] Built RequestProject.Spine.E2.Descent.DefectFreeHardening (16s)
ℹ [8226/8356] Built RequestProject.Spine.Solder.InternalLorentz (21s)
info: RequestProject/Spine/Solder/InternalLorentz.lean:206:0: 'SpinNative.projectedLorentzTransition' depends on axioms: [propext, Classical.choice, Quot.sound]
info: RequestProject/Spine/Solder/InternalLorentz.lean:207:0: 'SpinNative.internal_lorentz_transition_system' depends on axioms: [propext, Classical.choice, Quot.sound]
✔ [8227/8356] Built RequestProject.Spine.Cech.KernelSign (20s)
✔ [8228/8356] Built RequestProject.Spine.E2.Cech.Obstruction (20s)
✔ [8229/8356] Built RequestProject.Spine.E2.Descent.PairwiseDescent (19s)
✔ [8230/8356] Built RequestProject.Spine.SpinNative.GaugeEquivalence (20s)
ℹ [8231/8356] Built RequestProject.Spine.Solder.Independence (22s)
info: RequestProject/Spine/Solder/Independence.lean:197:0: 'EmergentBase.rescaleGluing' depends on axioms: [propext, Classical.choice, Quot.sound]
info: RequestProject/Spine/Solder/Independence.lean:198:0: 'EmergentBase.rescaleGluing_tangentTransitionMap' depends on axioms: [propext, Classical.choice, Quot.sound]
info: RequestProject/Spine/Solder/Independence.lean:199:0: 'SpinNative.tangent_spin_base_data_do_not_force_transition_identification' depends on axioms: [propext,
 Classical.choice,
 Quot.sound]
✔ [8232/8356] Built RequestProject.Spine.Cohomology.CechBridgeSpec (19s)
ℹ [8233/8356] Built RequestProject.Spine.Controls.E2.DescentCounterexample (20s)
info: RequestProject/Spine/Controls/E2/DescentCounterexample.lean:174:0: 'NullSectorTask29.Counterexample.tripleDefectFreeDistinct_not_imp_pairwiseRefinementCoherent' depends on axioms: [propext,
 Classical.choice,
 Quot.sound]
info: RequestProject/Spine/Controls/E2/DescentCounterexample.lean:175:0: 'NullSectorTask29.Counterexample.badCandidate_not_tripleDefectFree' depends on axioms: [propext,
 Classical.choice,
 Quot.sound]
✔ [8234/8356] Built RequestProject.Spine.E2.Cech.Refinement (21s)
✔ [8235/8356] Built RequestProject.Spine.E2.Descent.KernelAdjustment (21s)
✔ [8236/8356] Built RequestProject.Spine.SpinNative.Canonical (20s)
ℹ [8237/8356] Built RequestProject.Spine.Solder.Solder (30s)
info: RequestProject/Spine/Solder/Solder.lean:386:0: 'SpinNative.TangentSolderData' depends on axioms: [propext, Classical.choice, Quot.sound]
info: RequestProject/Spine/Solder/Solder.lean:387:0: 'SpinNative.TangentSolderData.tangentMetric' depends on axioms: [propext, Classical.choice, Quot.sound]
info: RequestProject/Spine/Solder/Solder.lean:388:0: 'SpinNative.TangentSolderData.tangentMetric_wellDefined' depends on axioms: [propext, Classical.choice, Quot.sound]
info: RequestProject/Spine/Solder/Solder.lean:389:0: 'SpinNative.TangentSolderData.tangentMetric_isLorentz' depends on axioms: [propext, Classical.choice, Quot.sound]
info: RequestProject/Spine/Solder/Solder.lean:390:0: 'SpinNative.TangentSolderData.exists_gauge' depends on axioms: [propext, Classical.choice, Quot.sound]
info: RequestProject/Spine/Solder/Solder.lean:391:0: 'SpinNative.TangentSolderData.not_unique' depends on axioms: [propext, Classical.choice, Quot.sound]
info: RequestProject/Spine/Solder/Solder.lean:392:0: 'SpinNative.nonempty_tangentSolderData' depends on axioms: [propext, Classical.choice, Quot.sound]
✔ [8238/8356] Built RequestProject.Spine.SpinNative.Rigidity (15s)
✔ [8239/8356] Built RequestProject.Spine.E2.Descent.SimultaneousTrivialisation (16s)
ℹ [8240/8356] Built RequestProject.Spine.Cohomology.Core (18s)
info: RequestProject/Spine/Cohomology/Core.lean:50:0: 'Mod2Cohomology.Cochain' depends on axioms: [propext, Classical.choice, Quot.sound]
info: RequestProject/Spine/Cohomology/Core.lean:51:0: 'Mod2Cohomology.face_face' depends on axioms: [propext, Classical.choice, Quot.sound]
info: RequestProject/Spine/Cohomology/Core.lean:52:0: 'Mod2Cohomology.coboundary_coboundary' depends on axioms: [propext, Classical.choice, Quot.sound]
info: RequestProject/Spine/Cohomology/Core.lean:53:0: 'Mod2Cohomology.d_comp_d' depends on axioms: [propext, Classical.choice, Quot.sound]
info: RequestProject/Spine/Cohomology/Core.lean:54:0: 'Mod2Cohomology.coboundaries_le_cocycles' depends on axioms: [propext, Classical.choice, Quot.sound]
info: RequestProject/Spine/Cohomology/Core.lean:55:0: 'Mod2Cohomology.Cohomology' depends on axioms: [propext, Classical.choice, Quot.sound]
info: RequestProject/Spine/Cohomology/Core.lean:56:0: 'Mod2Cohomology.mk_eq_zero_iff' depends on axioms: [propext, Classical.choice, Quot.sound]
info: RequestProject/Spine/Cohomology/Core.lean:57:0: 'Mod2Cohomology.pullback_d' depends on axioms: [propext, Classical.choice, Quot.sound]
info: RequestProject/Spine/Cohomology/Core.lean:58:0: 'Mod2Cohomology.Hmap' depends on axioms: [propext, Classical.choice, Quot.sound]
info: RequestProject/Spine/Cohomology/Core.lean:59:0: 'Mod2Cohomology.Hmap_id' depends on axioms: [propext, Classical.choice, Quot.sound]
info: RequestProject/Spine/Cohomology/Core.lean:60:0: 'Mod2Cohomology.Hmap_comp' depends on axioms: [propext, Classical.choice, Quot.sound]
info: RequestProject/Spine/Cohomology/Core.lean:61:0: 'Mod2Cohomology.coboundary_cup' depends on axioms: [propext, Classical.choice, Quot.sound]
info: RequestProject/Spine/Cohomology/Core.lean:62:0: 'Mod2Cohomology.cup_cocycle' depends on axioms: [propext, Classical.choice, Quot.sound]
info: RequestProject/Spine/Cohomology/Core.lean:63:0: 'Mod2Cohomology.cupH11' depends on axioms: [propext, Classical.choice, Quot.sound]
info: RequestProject/Spine/Cohomology/Core.lean:64:0: 'Mod2Cohomology.cupH22' depends on axioms: [propext, Classical.choice, Quot.sound]
info: RequestProject/Spine/Cohomology/Core.lean:65:0: 'Mod2Cohomology.cupSquare1' depends on axioms: [propext, Classical.choice, Quot.sound]
info: RequestProject/Spine/Cohomology/Core.lean:66:0: 'Mod2Cohomology.cupSquare2' depends on axioms: [propext, Classical.choice, Quot.sound]
info: RequestProject/Spine/Cohomology/Core.lean:67:0: 'Mod2Cohomology.comparison_vanishing_iff_exists_coherent' depends on axioms: [propext, Classical.choice, Quot.sound]
ℹ [8241/8356] Built RequestProject.Spine.E2.Cech.SpinInstance (19s)
info: RequestProject/Spine/E2/Cech/SpinInstance.lean:107:0: 'CechSpinLift.SpinLiftFamily.spinLiftObstruction_defect' depends on axioms: [propext, Classical.choice, Quot.sound]
info: RequestProject/Spine/E2/Cech/SpinInstance.lean:108:0: 'CechSpinLift.SpinLiftFamily.defect_change_of_lift' depends on axioms: [propext, Classical.choice, Quot.sound]
info: RequestProject/Spine/E2/Cech/SpinInstance.lean:109:0: 'CechSpinLift.SpinLiftFamily.obstruction_lift_independent' depends on axioms: [propext, Classical.choice, Quot.sound]
info: RequestProject/Spine/E2/Cech/SpinInstance.lean:110:0: 'CechSpinLift.SpinLiftFamily.obstruction_eq_trivialClass_iff_exists_coherent' depends on axioms: [propext,
 Classical.choice,
 Quot.sound]
info: RequestProject/Spine/E2/Cech/SpinInstance.lean:111:0: 'CechSpinLift.SpinLiftFamily.obstruction_pullLift' depends on axioms: [propext, Classical.choice, Quot.sound]
info: RequestProject/Spine/E2/Cech/SpinInstance.lean:112:0: 'SpinCore.cech_defect_eq_pm_one' depends on axioms: [propext, Classical.choice, Quot.sound]
info: RequestProject/Spine/E2/Cech/SpinInstance.lean:113:0: 'CechSpinLift.SpinLiftFamily.obstruction_pullLift_indep_of_map' depends on axioms: [propext,
 Classical.choice,
 Quot.sound]
info: RequestProject/Spine/E2/Cech/SpinInstance.lean:114:0: 'SpinCore.spinLiftObstruction' depends on axioms: [propext, Classical.choice, Quot.sound]
ℹ [8242/8356] Built RequestProject.Spine.Solder.LorentzBundle (20s)
info: RequestProject/Spine/Solder/LorentzBundle.lean:159:0: 'SpinNative.internalLorentzBundleCore' depends on axioms: [propext, Classical.choice, Quot.sound]
info: RequestProject/Spine/Solder/LorentzBundle.lean:160:0: 'SpinNative.TangentSolderData.coordChange_intertwines' depends on axioms: [propext, Classical.choice, Quot.sound]
✔ [8243/8356] Built RequestProject.Spine.E2.Descent.ChoiceInvariance (18s)
ℹ [8244/8356] Built RequestProject.Spine.Controls.SpinNative.KernelTwistControl (19s)
info: RequestProject/Spine/Controls/SpinNative/KernelTwistControl.lean:184:0: 'SpinNativeControl.sign_twist_ne_null' depends on axioms: [propext, Classical.choice, Quot.sound]
info: RequestProject/Spine/Controls/SpinNative/KernelTwistControl.lean:185:0: 'SpinNativeControl.project_sign_twist_eq' depends on axioms: [propext, Classical.choice, Quot.sound]
info: RequestProject/Spine/Controls/SpinNative/KernelTwistControl.lean:186:0: 'SpinNativeControl.not_noNontrivialKernelTwist' depends on axioms: [propext, Classical.choice, Quot.sound]
info: RequestProject/Spine/Controls/SpinNative/KernelTwistControl.lean:187:0: 'SpinNativeControl.two_distinct_native_spin_structures' depends on axioms: [propext, Classical.choice, Quot.sound]
info: RequestProject/Spine/Controls/SpinNative/KernelTwistControl.lean:188:0: 'SpinNativeControl.signTwist_isGaugeTrivial' depends on axioms: [propext, Classical.choice, Quot.sound]
info: RequestProject/Spine/Controls/SpinNative/KernelTwistControl.lean:189:0: 'SpinNativeControl.two_structures_gaugeEquiv' depends on axioms: [propext, Classical.choice, Quot.sound]
info: RequestProject/Spine/Controls/SpinNative/KernelTwistControl.lean:190:0: 'SpinNativeControl.spin_two_distinct_native_spin_structures' depends on axioms: [propext, Classical.choice, Quot.sound]
ℹ [8245/8356] Built RequestProject.Spine.E2.Cech.Core (18s)
info: RequestProject/Spine/E2/Cech/Core.lean:57:0: 'CechSpinLift.CechCover' does not depend on any axioms
info: RequestProject/Spine/E2/Cech/Core.lean:58:0: 'CechSpinLift.VisibleCocycle' depends on axioms: [propext, Quot.sound]
info: RequestProject/Spine/E2/Cech/Core.lean:59:0: 'CechSpinLift.VisibleCocycle.visible_transition_laws' depends on axioms: [propext, Quot.sound]
info: RequestProject/Spine/E2/Cech/Core.lean:60:0: 'CechSpinLift.SpinLiftFamily' depends on axioms: [propext, Classical.choice, Quot.sound]
info: RequestProject/Spine/E2/Cech/Core.lean:61:0: 'CechSpinLift.exists_lift_nhdsWithin' depends on axioms: [propext, Classical.choice, Quot.sound]
info: RequestProject/Spine/E2/Cech/Core.lean:62:0: 'CechSpinLift.SpinLiftFamily.defect_mem_ker' depends on axioms: [propext, Classical.choice, Quot.sound]
info: RequestProject/Spine/E2/Cech/Core.lean:63:0: 'CechSpinLift.SpinLiftFamily.defect_isLocallyConstant' depends on axioms: [propext, Classical.choice, Quot.sound]
info: RequestProject/Spine/E2/Cech/Core.lean:64:0: 'CechSpinLift.SpinLiftFamily.defect_delta_eq_one' depends on axioms: [propext, Classical.choice, Quot.sound]
info: RequestProject/Spine/E2/Cech/Core.lean:65:0: 'CechSpinLift.SpinLiftFamily.defect_change_of_lift' depends on axioms: [propext, Classical.choice, Quot.sound]
info: RequestProject/Spine/E2/Cech/Core.lean:66:0: 'CechSpinLift.ObstructionClass' depends on axioms: [propext, Classical.choice, Quot.sound]
info: RequestProject/Spine/E2/Cech/Core.lean:67:0: 'CechSpinLift.SpinLiftFamily.obstruction_lift_independent' depends on axioms: [propext, Classical.choice, Quot.sound]
info: RequestProject/Spine/E2/Cech/Core.lean:68:0: 'CechSpinLift.SpinLiftFamily.obstruction_eq_trivialClass_iff_exists_coherent' depends on axioms: [propext,
 Classical.choice,
 Quot.sound]
info: RequestProject/Spine/E2/Cech/Core.lean:69:0: 'CechSpinLift.SpinLiftFamily.obstruction_pullLift' depends on axioms: [propext, Classical.choice, Quot.sound]
info: RequestProject/Spine/E2/Cech/Core.lean:70:0: 'CechSpinLift.SpinLiftFamily.obstruction_pullLift_indep_of_map' depends on axioms: [propext,
 Classical.choice,
 Quot.sound]
✔ [8246/8356] Built RequestProject.Spine.Geometry.SpinStructure (21s)
✔ [8247/8356] Built RequestProject.Spine.E2.Descent.RefinementBehavior (20s)
✔ [8248/8356] Built RequestProject.Spine.Cech.SpinCocycle (24s)
✔ [8249/8356] Built RequestProject.Spine.Geometry.TangentInstance (24s)
ℹ [8250/8356] Built RequestProject.Spine.Controls.E2.CechObstructionControl (27s)
info: RequestProject/Spine/Controls/E2/CechObstructionControl.lean:83:0: 'SpineControls.negLift_defect_ne_one' depends on axioms: [propext, Classical.choice, Quot.sound]
info: RequestProject/Spine/Controls/E2/CechObstructionControl.lean:84:0: 'SpineControls.obstruction_trivial_both' depends on axioms: [propext, Classical.choice, Quot.sound]
✔ [8251/8356] Built RequestProject.Spine.Geometry.Z2Class (25s)
ℹ [8252/8356] Built RequestProject.Spine.Solder.RegularSolder (32s)
info: RequestProject/Spine/Solder/RegularSolder.lean:407:0: 'SpinNative.SmoothTangentSolderData' depends on axioms: [propext, Classical.choice, Quot.sound]
info: RequestProject/Spine/Solder/RegularSolder.lean:408:0: 'SpinNative.SmoothTangentSolderData.contDiffOn_A_symm' depends on axioms: [propext, Classical.choice, Quot.sound]
info: RequestProject/Spine/Solder/RegularSolder.lean:409:0: 'SpinNative.SmoothTangentSolderData.localFrame_compat' depends on axioms: [propext, Classical.choice, Quot.sound]
info: RequestProject/Spine/Solder/RegularSolder.lean:410:0: 'SpinNative.SmoothTangentSolderData.toTangentSolderData' depends on axioms: [propext, Classical.choice, Quot.sound]
info: RequestProject/Spine/Solder/RegularSolder.lean:411:0: 'SpinNative.SmoothTangentSolderData.solderLorentzRep_eq' depends on axioms: [propext, Classical.choice, Quot.sound]
info: RequestProject/Spine/Solder/RegularSolder.lean:412:0: 'SpinNative.SmoothTangentSolderData.contDiffOn_solderLorentzRep' depends on axioms: [propext,
 Classical.choice,
 Quot.sound]
info: RequestProject/Spine/Solder/RegularSolder.lean:413:0: 'EmergentBase.BaseGluingData.tangentTransitionMap_comp' depends on axioms: [propext, Classical.choice, Quot.sound]
✔ [8253/8356] Built RequestProject.Spine.E2.Descent.CombinedCompatibility (15s)
ℹ [8254/8356] Built RequestProject.Spine.Comparison.SpinNativeVsSO (32s)
info: RequestProject/Spine/Comparison/SpinNativeVsSO.lean:246:0: 'SpinNative.project' depends on axioms: [propext, Classical.choice, Quot.sound]
info: RequestProject/Spine/Comparison/SpinNativeVsSO.lean:247:0: 'SpinNative.nativeLiftFamily' depends on axioms: [propext, Classical.choice, Quot.sound]
info: RequestProject/Spine/Comparison/SpinNativeVsSO.lean:248:0: 'SpinNative.nativeLiftFamily_isCoherent' depends on axioms: [propext, Classical.choice, Quot.sound]
info: RequestProject/Spine/Comparison/SpinNativeVsSO.lean:249:0: 'SpinNative.projected_obstruction_trivial' depends on axioms: [propext, Classical.choice, Quot.sound]
info: RequestProject/Spine/Comparison/SpinNativeVsSO.lean:250:0: 'SpinNative.projected_obstruction_trivial_of_lifts' depends on axioms: [propext, Classical.choice, Quot.sound]
info: RequestProject/Spine/Comparison/SpinNativeVsSO.lean:251:0: 'SpinNative.native_projection_square' depends on axioms: [propext, Classical.choice, Quot.sound]
info: RequestProject/Spine/Comparison/SpinNativeVsSO.lean:252:0: 'SpinNative.project_eq_of_ker_factor' depends on axioms: [propext, Classical.choice, Quot.sound]
info: RequestProject/Spine/Comparison/SpinNativeVsSO.lean:253:0: 'SpinCore.spin_projected_obstruction_trivial' depends on axioms: [propext, Classical.choice, Quot.sound]
info: RequestProject/Spine/Comparison/SpinNativeVsSO.lean:254:0: 'SpinCore.proj_ker_mul_eq_spinCover_negOneSpin_mul' depends on axioms: [propext, Classical.choice, Quot.sound]
info: RequestProject/Spine/Comparison/SpinNativeVsSO.lean:255:0: 'LorentzFrames.SpinFrameStructure.toNative' depends on axioms: [propext, Classical.choice, Quot.sound]
info: RequestProject/Spine/Comparison/SpinNativeVsSO.lean:256:0: 'LorentzFrames.project_toNative_eq_transition' depends on axioms: [propext, Classical.choice, Quot.sound]
info: RequestProject/Spine/Comparison/SpinNativeVsSO.lean:257:0: 'LorentzFrames.project_twist' depends on axioms: [propext, Classical.choice, Quot.sound]
info: RequestProject/Spine/Comparison/SpinNativeVsSO.lean:258:0: 'LorentzFrames.native_spin_structure_projection' depends on axioms: [propext, Classical.choice, Quot.sound]
✔ [8255/8356] Built RequestProject.Spine.Cech.Comparison (24s)
✔ [8256/8356] Built RequestProject.Spine.Comparison.KernelTwistCohomology (24s)
✔ [8257/8356] Built RequestProject.Spine.GoodCover.ManifoldCovers (25s)
✔ [8258/8356] Built RequestProject.Spine.Controls.Geometry.FlatFrameControl (27s)
✔ [8259/8356] Built RequestProject.Spine.Nerve.Audit.ManifoldAssumptions (26s)
✔ [8260/8356] Built RequestProject.Spine.Cech.SpinKernelSign (24s)
ℹ [8261/8356] Built RequestProject.Spine.Comparison.SolderTangentGate (33s)
info: RequestProject/Spine/Comparison/SolderTangentGate.lean:236:0: 'SpinNative.TangentSolderData.toLorentzTangentFrameData' depends on axioms: [propext, Classical.choice, Quot.sound]
info: RequestProject/Spine/Comparison/SolderTangentGate.lean:237:0: 'SpinNative.TangentSolderData.projected_eq_tangentFrameTransition' depends on axioms: [propext,
 Classical.choice,
 Quot.sound]
info: RequestProject/Spine/Comparison/SolderTangentGate.lean:238:0: 'SpinNative.TangentSolderData.nativeSpin_to_tangentSpinFrameStructure' depends on axioms: [propext,
 Classical.choice,
 Quot.sound]
info: RequestProject/Spine/Comparison/SolderTangentGate.lean:239:0: 'SpinNative.TangentSolderData.solder_tangent_certificate' depends on axioms: [propext, Classical.choice, Quot.sound]
ℹ [8262/8356] Built RequestProject.Spine.Task36.OrientationGate (31s)
info: RequestProject/Spine/Task36/OrientationGate.lean:228:0: 'Task36.continuous_det_localModel' depends on axioms: [propext, Classical.choice, Quot.sound]
info: RequestProject/Spine/Task36/OrientationGate.lean:229:0: 'Task36.mul_pos_of_ne_zero_of_isPreconnected' depends on axioms: [propext, Classical.choice, Quot.sound]
info: RequestProject/Spine/Task36/OrientationGate.lean:230:0: 'Task36.Solder.solderDet_law' depends on axioms: [propext, Classical.choice, Quot.sound]
info: RequestProject/Spine/Task36/OrientationGate.lean:231:0: 'Task36.smooth_solder_implies_orientation_compatible' depends on axioms: [propext, Classical.choice, Quot.sound]
info: RequestProject/Spine/Task36/OrientationGate.lean:232:0: 'Task36.smooth_solder_orientation_signs' depends on axioms: [propext, Classical.choice, Quot.sound]
info: RequestProject/Spine/Task36/OrientationGate.lean:233:0: 'Task36.orientation_obstruction_nonzero_implies_no_solder' depends on axioms: [propext, Classical.choice, Quot.sound]
✔ [8263/8356] Built RequestProject.Spine.E2.Descent.CompatibleTransitions (23s)
ℹ [8264/8356] Built RequestProject.Spine.Deformation.SharedTransport (33s)
info: RequestProject/Spine/Deformation/SharedTransport.lean:336:0: 'Task37.Deformation.transportState' depends on axioms: [propext, Classical.choice, Quot.sound]
info: RequestProject/Spine/Deformation/SharedTransport.lean:337:0: 'Task37.Deformation.transportState_zero' depends on axioms: [propext, Classical.choice, Quot.sound]
info: RequestProject/Spine/Deformation/SharedTransport.lean:338:0: 'Task37.Deformation.transportState_add' depends on axioms: [propext, Classical.choice, Quot.sound]
info: RequestProject/Spine/Deformation/SharedTransport.lean:339:0: 'Task37.Deformation.transportState_neg' depends on axioms: [propext, Classical.choice, Quot.sound]
info: RequestProject/Spine/Deformation/SharedTransport.lean:340:0: 'Task37.Deformation.projectedTransportState_zero' depends on axioms: [propext, Classical.choice, Quot.sound]
info: RequestProject/Spine/Deformation/SharedTransport.lean:341:0: 'Task37.Deformation.projected_determined_by_spin' depends on axioms: [propext, Classical.choice, Quot.sound]
info: RequestProject/Spine/Deformation/SharedTransport.lean:342:0: 'Task37.Deformation.projectedTransportState_apply_sOne' depends on axioms: [propext, Classical.choice, Quot.sound]
info: RequestProject/Spine/Deformation/SharedTransport.lean:343:0: 'Task37.Deformation.projectedTransportState_ne_one' depends on axioms: [propext, Classical.choice, Quot.sound]
info: RequestProject/Spine/Deformation/SharedTransport.lean:344:0: 'Task37.Deformation.transportState_injective' depends on axioms: [propext, Classical.choice, Quot.sound]
info: RequestProject/Spine/Deformation/SharedTransport.lean:345:0: 'Task37.Deformation.SharedTransportFamily' depends on axioms: [propext, Classical.choice, Quot.sound]
info: RequestProject/Spine/Deformation/SharedTransport.lean:346:0: 'Task37.Deformation.SharedTransportFamily.projectedLorentz_eq' depends on axioms: [propext,
 Classical.choice,
 Quot.sound]
info: RequestProject/Spine/Deformation/SharedTransport.lean:347:0: 'Task37.Deformation.SharedTransportFamily.fixedBase_projectedLorentz_determined' depends on axioms: [propext,
 Classical.choice,
 Quot.sound]
ℹ [8265/8356] Built RequestProject.Spine.Comparison.CanonicalSpinSeed (23s)
info: RequestProject/Spine/Comparison/CanonicalSpinSeed.lean:136:0: 'SpinNative.KerCocycle' depends on axioms: [propext, Classical.choice, Quot.sound]
info: RequestProject/Spine/Comparison/CanonicalSpinSeed.lean:137:0: 'SpinNative.twist' depends on axioms: [propext, Classical.choice, Quot.sound]
info: RequestProject/Spine/Comparison/CanonicalSpinSeed.lean:138:0: 'SpinNative.project_twist' depends on axioms: [propext, Classical.choice, Quot.sound]
info: RequestProject/Spine/Comparison/CanonicalSpinSeed.lean:139:0: 'SpinNative.ratio' depends on axioms: [propext, Classical.choice, Quot.sound]
info: RequestProject/Spine/Comparison/CanonicalSpinSeed.lean:140:0: 'SpinNative.exists_kerCocycle_twist_eq' depends on axioms: [propext, Classical.choice, Quot.sound]
info: RequestProject/Spine/Comparison/CanonicalSpinSeed.lean:141:0: 'SpinNative.native_kernel_torsor' depends on axioms: [propext, Classical.choice, Quot.sound]
info: RequestProject/Spine/Comparison/CanonicalSpinSeed.lean:142:0: 'SpinNative.GaugeEquiv' depends on axioms: [propext, Classical.choice, Quot.sound]
info: RequestProject/Spine/Comparison/CanonicalSpinSeed.lean:143:0: 'SpinNative.gaugeEquiv_iff_twist_isGaugeTrivial' depends on axioms: [propext, Classical.choice, Quot.sound]
info: RequestProject/Spine/Comparison/CanonicalSpinSeed.lean:144:0: 'SpinNative.canonicalSpinStructure' depends on axioms: [propext, Classical.choice, Quot.sound]
info: RequestProject/Spine/Comparison/CanonicalSpinSeed.lean:145:0: 'SpinNative.subsingleton_native_output' depends on axioms: [propext, Classical.choice, Quot.sound]
info: RequestProject/Spine/Comparison/CanonicalSpinSeed.lean:146:0: 'SpinNative.NoNontrivialKernelTwist' depends on axioms: [propext, Classical.choice, Quot.sound]
info: RequestProject/Spine/Comparison/CanonicalSpinSeed.lean:147:0: 'SpinNative.KernelTwistsGaugeTrivial' depends on axioms: [propext, Classical.choice, Quot.sound]
info: RequestProject/Spine/Comparison/CanonicalSpinSeed.lean:148:0: 'SpinNative.data_eq_on_overlaps_of_noNontrivialKernelTwist' depends on axioms: [propext, Classical.choice, Quot.sound]
info: RequestProject/Spine/Comparison/CanonicalSpinSeed.lean:149:0: 'SpinNative.gaugeEquiv_of_kernelTwistsGaugeTrivial' depends on axioms: [propext, Classical.choice, Quot.sound]
info: RequestProject/Spine/Comparison/CanonicalSpinSeed.lean:150:0: 'SpinNative.subsingleton_gaugeClass' depends on axioms: [propext, Classical.choice, Quot.sound]
info: RequestProject/Spine/Comparison/CanonicalSpinSeed.lean:151:0: 'SpinNative.native_uniqueness_summary' depends on axioms: [propext, Classical.choice, Quot.sound]
info: RequestProject/Spine/Comparison/CanonicalSpinSeed.lean:152:0: 'SpinNative.d_kerCocycleCochain' depends on axioms: [propext, Classical.choice, Quot.sound]
info: RequestProject/Spine/Comparison/CanonicalSpinSeed.lean:153:0: 'SpinNative.kernelTwistsGaugeTrivial_of_cover_H1_trivial' depends on axioms: [propext, Classical.choice, Quot.sound]
info: RequestProject/Spine/Comparison/CanonicalSpinSeed.lean:154:0: 'SpinNative.spinStructure_unique_up_to_gauge_of_cover_H1_trivial' depends on axioms: [propext,
 Classical.choice,
 Quot.sound]
info: RequestProject/Spine/Comparison/CanonicalSpinSeed.lean:155:0: 'SpinNative.CanonicalSpinSeed.seed_certificate' depends on axioms: [propext, Classical.choice, Quot.sound]
ℹ [8266/8356] Built RequestProject.Spine.Geometry.Core (49s)
info: RequestProject/Spine/Geometry/Core.lean:76:0: 'SpinCore.fst_pos_of_BS_pos_of_timelike' depends on axioms: [propext, Classical.choice, Quot.sound]
info: RequestProject/Spine/Geometry/Core.lean:77:0: 'SpinCore.fst_nonneg_of_BS_nonneg_of_causal' depends on axioms: [propext, Classical.choice, Quot.sound]
info: RequestProject/Spine/Geometry/Core.lean:78:0: 'SpinCore.isGLorWide_of_isometry_of_future' depends on axioms: [propext, Classical.choice, Quot.sound]
info: RequestProject/Spine/Geometry/Core.lean:79:0: 'SpinCore.isGLor_of_isometry_of_future_of_det_pos' depends on axioms: [propext, Classical.choice, Quot.sound]
info: RequestProject/Spine/Geometry/Core.lean:80:0: 'SpinCore.spatialReflI_notMem_GLor' depends on axioms: [propext, Classical.choice, Quot.sound]
info: RequestProject/Spine/Geometry/Core.lean:81:0: 'SpinCore.timeReflI_not_isGLorWide' depends on axioms: [propext, Classical.choice, Quot.sound]
info: RequestProject/Spine/Geometry/Core.lean:82:0: 'SpinCore.timeRefl_comp_spatialRefl_notMem_GLor' depends on axioms: [propext, Classical.choice, Quot.sound]
info: RequestProject/Spine/Geometry/Core.lean:83:0: 'LorentzFrames.LorentzFrameData' depends on axioms: [propext, Classical.choice, Quot.sound]
info: RequestProject/Spine/Geometry/Core.lean:84:0: 'LorentzFrames.LorentzFrameData.comparison_mem_GLor' depends on axioms: [propext, Classical.choice, Quot.sound]
info: RequestProject/Spine/Geometry/Core.lean:85:0: 'LorentzFrames.LorentzFrameData.frameCocycle' depends on axioms: [propext, Classical.choice, Quot.sound]
info: RequestProject/Spine/Geometry/Core.lean:86:0: 'LorentzFrames.LorentzFrameData.frame_transition_laws' depends on axioms: [propext, Classical.choice, Quot.sound]
info: RequestProject/Spine/Geometry/Core.lean:87:0: 'LorentzFrames.LorentzFrameData.frame_defect_eq_pm_one' depends on axioms: [propext, Classical.choice, Quot.sound]
info: RequestProject/Spine/Geometry/Core.lean:88:0: 'LorentzFrames.LorentzFrameData.frameObstruction' depends on axioms: [propext, Classical.choice, Quot.sound]
info: RequestProject/Spine/Geometry/Core.lean:89:0: 'LorentzFrames.LorentzFrameData.frameObstruction_choice_independent' depends on axioms: [propext,
 Classical.choice,
 Quot.sound]
info: RequestProject/Spine/Geometry/Core.lean:90:0: 'LorentzFrames.SpinFrameStructure' depends on axioms: [propext, Classical.choice, Quot.sound]
info: RequestProject/Spine/Geometry/Core.lean:91:0: 'LorentzFrames.LorentzFrameData.nonempty_spinFrameStructure_iff_exists_coherent' depends on axioms: [propext,
 Classical.choice,
 Quot.sound]
info: RequestProject/Spine/Geometry/Core.lean:92:0: 'LorentzFrames.LorentzFrameData.frameObstruction_eq_trivial_iff_spinStructure' depends on axioms: [propext,
 Classical.choice,
 Quot.sound]
info: RequestProject/Spine/Geometry/Core.lean:93:0: 'LorentzFrames.SpinFrameStructure.spinStructure_torsor' depends on axioms: [propext, Classical.choice, Quot.sound]
info: RequestProject/Spine/Geometry/Core.lean:94:0: 'LorentzFrames.finrank_carrier' depends on axioms: [propext, Classical.choice, Quot.sound]
info: RequestProject/Spine/Geometry/Core.lean:95:0: 'LorentzFrames.finrank_tangentSpace' depends on axioms: [propext, Classical.choice, Quot.sound]
info: RequestProject/Spine/Geometry/Core.lean:96:0: 'LorentzFrames.tangent_frame_cocycle' depends on axioms: [propext, Classical.choice, Quot.sound]
info: RequestProject/Spine/Geometry/Core.lean:97:0: 'LorentzFrames.tangent_frame_spin_lift_obstruction' depends on axioms: [propext, Classical.choice, Quot.sound]
info: RequestProject/Spine/Geometry/Core.lean:98:0: 'LorentzFrames.zdefect_cocycle₂' depends on axioms: [propext, Classical.choice, Quot.sound]
info: RequestProject/Spine/Geometry/Core.lean:99:0: 'LorentzFrames.zdefect_change_of_lift' depends on axioms: [propext, Classical.choice, Quot.sound]
info: RequestProject/Spine/Geometry/Core.lean:100:0: 'LorentzFrames.zdefect_isCoboundary_iff_spinStructure' depends on axioms: [propext, Classical.choice, Quot.sound]
ℹ [8267/8356] Built RequestProject.Spine.Solder.RegularExamples (30s)
info: RequestProject/Spine/Solder/RegularExamples.lean:194:0: 'SpinNative.symmetricRegularSolder' depends on axioms: [propext, Classical.choice, Quot.sound]
info: RequestProject/Spine/Solder/RegularExamples.lean:195:0: 'SpinNative.rescaleRegularSolder' depends on axioms: [propext, Classical.choice, Quot.sound]
info: RequestProject/Spine/Solder/RegularExamples.lean:196:0: 'SpinNative.rescale_const_id_not_solder' depends on axioms: [propext, Classical.choice, Quot.sound]
ℹ [8268/8356] Built RequestProject.Spine.Comparison.LorentzSpinUniqueness (30s)
info: RequestProject/Spine/Comparison/LorentzSpinUniqueness.lean:138:0: 'LorentzFrames.KerCocycle₁.toNative' depends on axioms: [propext, Classical.choice, Quot.sound]
info: RequestProject/Spine/Comparison/LorentzSpinUniqueness.lean:139:0: 'LorentzFrames.toNative_twist' depends on axioms: [propext, Classical.choice, Quot.sound]
info: RequestProject/Spine/Comparison/LorentzSpinUniqueness.lean:140:0: 'LorentzFrames.SpinFrameStructure.toSpinStructureOver' depends on axioms: [propext, Classical.choice, Quot.sound]
info: RequestProject/Spine/Comparison/LorentzSpinUniqueness.lean:141:0: 'LorentzFrames.spinFrameStructure_eq_on_overlaps_of_rigid' depends on axioms: [propext, Classical.choice, Quot.sound]
info: RequestProject/Spine/Comparison/LorentzSpinUniqueness.lean:142:0: 'LorentzFrames.spinFrameStructure_gaugeEquiv_of_gate' depends on axioms: [propext, Classical.choice, Quot.sound]
info: RequestProject/Spine/Comparison/LorentzSpinUniqueness.lean:143:0: 'LorentzFrames.spinFrameStructure_gaugeEquiv_of_cover_H1_trivial' depends on axioms: [propext,
 Classical.choice,
 Quot.sound]
ℹ [8269/8356] Built RequestProject.Spine.Solder.BundleEquivalence (38s)
info: RequestProject/Spine/Solder/BundleEquivalence.lean:592:0: 'SolderBundle.continuous_coreTotalMap' depends on axioms: [propext, Classical.choice, Quot.sound]
info: RequestProject/Spine/Solder/BundleEquivalence.lean:593:0: 'SolderBundle.CoreBundleEquiv.toHomeomorph' depends on axioms: [propext, Classical.choice, Quot.sound]
info: RequestProject/Spine/Solder/BundleEquivalence.lean:594:0: 'SpinNative.SmoothTangentSolderData.coreRep_eq' depends on axioms: [propext, Classical.choice, Quot.sound]
info: RequestProject/Spine/Solder/BundleEquivalence.lean:595:0: 'SpinNative.SmoothTangentSolderData.toCoreBundleEquiv' depends on axioms: [propext, Classical.choice, Quot.sound]
info: RequestProject/Spine/Solder/BundleEquivalence.lean:596:0: 'SpinNative.SmoothTangentSolderData.toTangentHomeomorph' depends on axioms: [propext, Classical.choice, Quot.sound]
info: RequestProject/Spine/Solder/BundleEquivalence.lean:597:0: 'SpinNative.smoothTangentSolderData_of_localRep' depends on axioms: [propext, Classical.choice, Quot.sound]
info: RequestProject/Spine/Solder/BundleEquivalence.lean:598:0: 'SpinNative.smooth_solder_iff_regular_bundle_equivalence' depends on axioms: [propext, Classical.choice, Quot.sound]
✔ [8270/8356] Built RequestProject.Spine.Cech.SpinInstance (21s)
ℹ [8271/8356] Built RequestProject.Spine.E2.Descent.Task29 (24s)
info: RequestProject/Spine/E2/Descent/Task29.lean:99:0: 'NullSectorTask29.defectFree_identity_normalisation' depends on axioms: [propext, Classical.choice, Quot.sound]
info: RequestProject/Spine/E2/Descent/Task29.lean:100:0: 'NullSectorTask29.defectFree_inverse_normalisation' depends on axioms: [propext, Classical.choice, Quot.sound]
info: RequestProject/Spine/E2/Descent/Task29.lean:101:0: 'NullSectorTask29.defectFree_exact_triple_law' depends on axioms: [propext, Classical.choice, Quot.sound]
info: RequestProject/Spine/E2/Descent/Task29.lean:102:0: 'NullSectorTask29.defectFree_implies_normalized_transition_laws_on_common_domain' depends on axioms: [propext,
 Classical.choice,
 Quot.sound]
info: RequestProject/Spine/E2/Descent/Task29.lean:105:0: 'NullSectorTask29.kappa' depends on axioms: [propext, Classical.choice, Quot.sound]
info: RequestProject/Spine/E2/Descent/Task29.lean:106:0: 'NullSectorTask29.kappa_isKerFunOn' depends on axioms: [propext, Classical.choice, Quot.sound]
info: RequestProject/Spine/E2/Descent/Task29.lean:107:0: 'NullSectorTask29.kappa_isLocallyConstant' depends on axioms: [propext, Classical.choice, Quot.sound]
info: RequestProject/Spine/E2/Descent/Task29.lean:108:0: 'NullSectorTask29.kappa_self' depends on axioms: [propext, Classical.choice, Quot.sound]
info: RequestProject/Spine/E2/Descent/Task29.lean:109:0: 'NullSectorTask29.kappa_swap' depends on axioms: [propext, Classical.choice, Quot.sound]
info: RequestProject/Spine/E2/Descent/Task29.lean:110:0: 'NullSectorTask29.kappa_comp' depends on axioms: [propext, Classical.choice, Quot.sound]
info: RequestProject/Spine/E2/Descent/Task29.lean:113:0: 'NullSectorTask29.tripleDefectFree_imp_pairwiseRefinementCoherent' depends on axioms: [propext,
 Classical.choice,
 Quot.sound]
info: RequestProject/Spine/E2/Descent/Task29.lean:114:0: 'NullSectorTask29.pairwiseRefinementCoherent_iff_kappa_trivial' depends on axioms: [propext,
 Classical.choice,
 Quot.sound]
info: RequestProject/Spine/E2/Descent/Task29.lean:117:0: 'NullSectorTask29.pairwise_refined_reps_glue' depends on axioms: [propext, Classical.choice, Quot.sound]
info: RequestProject/Spine/E2/Descent/Task29.lean:118:0: 'NullSectorTask29.pairwise_refined_reps_glue_full' depends on axioms: [propext, Classical.choice, Quot.sound]
info: RequestProject/Spine/E2/Descent/Task29.lean:121:0: 'NullSectorTask29.adjust' depends on axioms: [propext, Classical.choice, Quot.sound]
info: RequestProject/Spine/E2/Descent/Task29.lean:122:0: 'NullSectorTask29.adjust_isRep' depends on axioms: [propext, Classical.choice, Quot.sound]
info: RequestProject/Spine/E2/Descent/Task29.lean:123:0: 'NullSectorTask29.adjust_adjust' depends on axioms: [propext, Classical.choice, Quot.sound]
info: RequestProject/Spine/E2/Descent/Task29.lean:124:0: 'NullSectorTask29.adjust_inv_adjust' depends on axioms: [propext, Classical.choice, Quot.sound]
info: RequestProject/Spine/E2/Descent/Task29.lean:127:0: 'NullSectorTask29.adjust_defect' depends on axioms: [propext, Classical.choice, Quot.sound]
info: RequestProject/Spine/E2/Descent/Task29.lean:128:0: 'NullSectorTask29.simultaneous_trivialisation_iff_kernel_equations' depends on axioms: [propext,
 Classical.choice,
 Quot.sound]
info: RequestProject/Spine/E2/Descent/Task29.lean:129:0: 'NullSectorTask29.simultaneous_trivialisation_iff_kernel_equations_rearranged' depends on axioms: [propext,
 Classical.choice,
 Quot.sound]
info: RequestProject/Spine/E2/Descent/Task29.lean:130:0: 'NullSectorTask29.canTrivialise_iff_canTrivialiseSimultaneously' depends on axioms: [propext,
 Classical.choice,
 Quot.sound]
info: RequestProject/Spine/E2/Descent/Task29.lean:133:0: 'NullSectorTask29.defectFreeSystemOfSolution' depends on axioms: [propext, Classical.choice, Quot.sound]
info: RequestProject/Spine/E2/Descent/Task29.lean:134:0: 'NullSectorTask29.canTrivialise_iff_exists_defectFree_adjusted' depends on axioms: [propext,
 Classical.choice,
 Quot.sound]
info: RequestProject/Spine/E2/Descent/Task29.lean:137:0: 'NullSectorTask29.simultaneous_trivialisability_rep_choice_invariant' depends on axioms: [propext,
 Classical.choice,
 Quot.sound]
info: RequestProject/Spine/E2/Descent/Task29.lean:138:0: 'NullSectorTask29.canTrivialise_adjust_iff' depends on axioms: [propext, Classical.choice, Quot.sound]
info: RequestProject/Spine/E2/Descent/Task29.lean:139:0: 'NullSectorTask29.defectGaugeRelated_refl' depends on axioms: [propext, Classical.choice, Quot.sound]
info: RequestProject/Spine/E2/Descent/Task29.lean:140:0: 'NullSectorTask29.defectGaugeRelated_symm' depends on axioms: [propext, Classical.choice, Quot.sound]
info: RequestProject/Spine/E2/Descent/Task29.lean:141:0: 'NullSectorTask29.defectGaugeRelated_trans' depends on axioms: [propext, Classical.choice, Quot.sound]
info: RequestProject/Spine/E2/Descent/Task29.lean:142:0: 'NullSectorTask29.canTrivialise_constant_on_defectGauge' depends on axioms: [propext, Classical.choice, Quot.sound]
info: RequestProject/Spine/E2/Descent/Task29.lean:145:0: 'NullSectorTask29.trivialisable_pullback_to_refinement' depends on axioms: [propext, Classical.choice, Quot.sound]
info: RequestProject/Spine/E2/Descent/Task29.lean:146:0: 'NullSectorTask29.trivialisableAfterRefinement_mono' depends on axioms: [propext, Classical.choice, Quot.sound]
info: RequestProject/Spine/E2/Descent/Task29.lean:147:0: 'NullSectorTask29.trivialisableAfterRefinement_rep_choice_invariant' depends on axioms: [propext,
 Classical.choice,
 Quot.sound]
info: RequestProject/Spine/E2/Descent/Task29.lean:148:0: 'NullSectorTask29.refinementConverse_idRefinement' depends on axioms: [propext, Classical.choice, Quot.sound]
info: RequestProject/Spine/E2/Descent/Task29.lean:149:0: 'NullSectorTask29.refinementConverse_holds' depends on axioms: [propext, Classical.choice, Quot.sound]
info: RequestProject/Spine/E2/Descent/Task29.lean:150:0: 'NullSectorTask29.canTrivialise_restrict_iff' depends on axioms: [propext, Classical.choice, Quot.sound]
info: RequestProject/Spine/E2/Descent/Task29.lean:151:0: 'NullSectorTask29.trivialisableAfterRefinement_iff_canTrivialise' depends on axioms: [propext,
 Classical.choice,
 Quot.sound]
info: RequestProject/Spine/E2/Descent/Task29.lean:152:0: 'NullSectorTask29.canTrivialise_candidate_independent' depends on axioms: [propext, Classical.choice, Quot.sound]
info: RequestProject/Spine/E2/Descent/Task29.lean:155:0: 'NullSectorTask29.kappa_adjust' depends on axioms: [propext, Classical.choice, Quot.sound]
info: RequestProject/Spine/E2/Descent/Task29.lean:156:0: 'NullSectorTask29.canDescendPairwise_iff_glue' depends on axioms: [propext, Classical.choice, Quot.sound]
info: RequestProject/Spine/E2/Descent/Task29.lean:157:0: 'NullSectorTask29.canTrivialise_imp_canDescendPairwise' depends on axioms: [propext, Classical.choice, Quot.sound]
info: RequestProject/Spine/E2/Descent/Task29.lean:158:0: 'NullSectorTask29.compatibility_ready_iff_single_adjustment_solves_all_required_kernel_equations' depends on axioms: [propext,
 Classical.choice,
 Quot.sound]
info: RequestProject/Spine/E2/Descent/Task29.lean:159:0: 'NullSectorTask29.compatibilityReady_iff_canTrivialise' depends on axioms: [propext, Classical.choice, Quot.sound]
info: RequestProject/Spine/E2/Descent/Task29.lean:162:0: 'NullSectorTask29.compatibleTransitionsOfDefectFree' depends on axioms: [propext, Classical.choice, Quot.sound]
info: RequestProject/Spine/E2/Descent/Task29.lean:163:0: 'NullSectorTask29.compatibleTransitionsOfDefectFree_restricts' depends on axioms: [propext,
 Classical.choice,
 Quot.sound]
info: RequestProject/Spine/E2/Descent/Task29.lean:164:0: 'NullSectorTask29.compatibilityReady_iff_exists_compatible_transitions' depends on axioms: [propext,
 Classical.choice,
 Quot.sound]
info: RequestProject/Spine/E2/Descent/Task29.lean:165:0: 'NullSectorTask29.canTrivialiseSimultaneously_iff_exists_compatible_transitions' depends on axioms: [propext,
 Classical.choice,
 Quot.sound]
info: RequestProject/Spine/E2/Descent/Task29.lean:166:0: 'NullSectorTask29.compatible_transitions_kernel_ambiguity' depends on axioms: [propext, Classical.choice, Quot.sound]
info: RequestProject/Spine/E2/Descent/Task29.lean:167:0: 'NullSectorTask29.compatible_transitions_interface' depends on axioms: [propext, Classical.choice, Quot.sound]
info: RequestProject/Spine/E2/Descent/Task29.lean:170:0: 'NullSectorTask29.level_A_pointwise' depends on axioms: [propext, Classical.choice, Quot.sound]
info: RequestProject/Spine/E2/Descent/Task29.lean:171:0: 'NullSectorTask29.level_B_refined_candidate' depends on axioms: [propext, Classical.choice, Quot.sound]
info: RequestProject/Spine/E2/Descent/Task29.lean:172:0: 'NullSectorTask29.levelC_iff_levelD' depends on axioms: [propext, Classical.choice, Quot.sound]
info: RequestProject/Spine/E2/Descent/Task29.lean:173:0: 'NullSectorTask29.levelD_iff_compatible_transitions' depends on axioms: [propext, Classical.choice, Quot.sound]
ℹ [8272/8356] Built RequestProject.Spine.Task36.SpinObstruction (29s)
info: RequestProject/Spine/Task36/SpinObstruction.lean:166:0: 'Task36.smooth_solder_implies_spin_obstruction_trivial' depends on axioms: [propext, Classical.choice, Quot.sound]
info: RequestProject/Spine/Task36/SpinObstruction.lean:167:0: 'Task36.spin_obstruction_nonzero_implies_no_native_lift' depends on axioms: [propext, Classical.choice, Quot.sound]
info: RequestProject/Spine/Task36/SpinObstruction.lean:168:0: 'Task36.spin_obstruction_nonzero_implies_no_solder' depends on axioms: [propext, Classical.choice, Quot.sound]
info: RequestProject/Spine/Task36/SpinObstruction.lean:169:0: 'Task36.classical_reconvergence' depends on axioms: [propext, Classical.choice, Quot.sound]
ℹ [8273/8356] Built RequestProject.Spine.Comparison.EmergentSpinGate (28s)
info: RequestProject/Spine/Comparison/EmergentSpinGate.lean:192:0: 'EmergentBase.LocalModel' depends on axioms: [propext, Classical.choice, Quot.sound]
info: RequestProject/Spine/Comparison/EmergentSpinGate.lean:193:0: 'EmergentBase.finrank_localModel' depends on axioms: [propext, Classical.choice, Quot.sound]
info: RequestProject/Spine/Comparison/EmergentSpinGate.lean:194:0: 'EmergentBase.spin_acts_on_localModel' depends on axioms: [propext, Classical.choice, Quot.sound]
info: RequestProject/Spine/Comparison/EmergentSpinGate.lean:195:0: 'EmergentBase.BaseGluingData' depends on axioms: [propext, Quot.sound]
info: RequestProject/Spine/Comparison/EmergentSpinGate.lean:196:0: 'EmergentBase.BaseGluingData.atlas_coherence' depends on axioms: [propext, Quot.sound]
info: RequestProject/Spine/Comparison/EmergentSpinGate.lean:197:0: 'EmergentBase.BaseGluingData.setoid' depends on axioms: [propext, Quot.sound]
info: RequestProject/Spine/Comparison/EmergentSpinGate.lean:198:0: 'EmergentBase.BaseGluingData.isOpenMap_mk' depends on axioms: [propext, Classical.choice, Quot.sound]
info: RequestProject/Spine/Comparison/EmergentSpinGate.lean:199:0: 'EmergentBase.BaseGluingData.chartedSpace' depends on axioms: [propext, Classical.choice, Quot.sound]
info: RequestProject/Spine/Comparison/EmergentSpinGate.lean:200:0: 'EmergentBase.BaseGluingData.t2Space_of_closedGluingGraph' depends on axioms: [propext, Classical.choice, Quot.sound]
info: RequestProject/Spine/Comparison/EmergentSpinGate.lean:201:0: 'EmergentBase.BaseGluingData.secondCountableTopology_space' depends on axioms: [propext, Classical.choice, Quot.sound]
info: RequestProject/Spine/Comparison/EmergentSpinGate.lean:202:0: 'EmergentBase.BaseGluingData.emergentManifold' depends on axioms: [propext, Classical.choice, Quot.sound]
info: RequestProject/Spine/Comparison/EmergentSpinGate.lean:203:0: 'EmergentBase.BaseGluingData.emergentManifoldCertificate' depends on axioms: [propext, Classical.choice, Quot.sound]
info: RequestProject/Spine/Comparison/EmergentSpinGate.lean:204:0: 'EmergentBase.symmetric_emergent_manifold' depends on axioms: [propext, Classical.choice, Quot.sound]
info: RequestProject/Spine/Comparison/EmergentSpinGate.lean:205:0: 'EmergentBase.symmetric_emergent_base_unique' depends on axioms: [propext, Classical.choice, Quot.sound]
info: RequestProject/Spine/Comparison/EmergentSpinGate.lean:206:0: 'EmergentBase.base_not_determined_by_local_pieces' depends on axioms: [propext, Classical.choice, Quot.sound]
info: RequestProject/Spine/Comparison/EmergentSpinGate.lean:207:0: 'EmergentBase.emergentCover' depends on axioms: [propext, Classical.choice, Quot.sound]
info: RequestProject/Spine/Comparison/EmergentSpinGate.lean:208:0: 'CechZ2.cohomology_one_eq_zero_of_fullNerve' depends on axioms: [propext, Classical.choice, Quot.sound]
info: RequestProject/Spine/Comparison/EmergentSpinGate.lean:209:0: 'SpinNative.emergentSeed' depends on axioms: [propext, Classical.choice, Quot.sound]
info: RequestProject/Spine/Comparison/EmergentSpinGate.lean:210:0: 'SpinNative.symmetric_emergent_H1_trivial' depends on axioms: [propext, Classical.choice, Quot.sound]
info: RequestProject/Spine/Comparison/EmergentSpinGate.lean:211:0: 'SpinNative.kernelTwistsGaugeTrivial_symmetric_emergent' depends on axioms: [propext, Classical.choice, Quot.sound]
info: RequestProject/Spine/Comparison/EmergentSpinGate.lean:212:0: 'SpinNative.symmetric_emergent_spin_unique_up_to_gauge' depends on axioms: [propext, Classical.choice, Quot.sound]
info: RequestProject/Spine/Comparison/EmergentSpinGate.lean:213:0: 'SpinNative.emergent_seed_certificate' depends on axioms: [propext, Classical.choice, Quot.sound]
info: RequestProject/Spine/Comparison/EmergentSpinGate.lean:214:0: 'SpinNative.spin_data_do_not_determine_base' depends on axioms: [propext, Classical.choice, Quot.sound]
ℹ [8274/8356] Built RequestProject.Spine.Task36.LoopModel (31s)
info: RequestProject/Spine/Task36/LoopModel.lean:555:0: 'Task36.loopGluingOf' depends on axioms: [propext, Classical.choice, Quot.sound]
info: RequestProject/Spine/Task36/LoopModel.lean:556:0: 'Task36.loopGluingOf_smoothGluing' depends on axioms: [propext, Classical.choice, Quot.sound]
info: RequestProject/Spine/Task36/LoopModel.lean:557:0: 'Task36.loopGluingOf_isManifold' depends on axioms: [propext, Classical.choice, Quot.sound]
info: RequestProject/Spine/Task36/LoopModel.lean:558:0: 'Task36.det_flipEquiv' depends on axioms: [propext, Classical.choice, Quot.sound]
info: RequestProject/Spine/Task36/LoopModel.lean:559:0: 'Task36.tangentTransitionMap_wrap' depends on axioms: [propext, Classical.choice, Quot.sound]
info: RequestProject/Spine/Task36/LoopModel.lean:560:0: 'Task36.tangentTransitionMap_overlap' depends on axioms: [propext, Classical.choice, Quot.sound]
ℹ [8275/8356] Built RequestProject.Spine.Deformation.ProjectedParaAction (32s)
info: RequestProject/Spine/Deformation/ProjectedParaAction.lean:266:0: 'Task37.Deformation.paraMap' depends on axioms: [propext, Classical.choice, Quot.sound]
info: RequestProject/Spine/Deformation/ProjectedParaAction.lean:267:0: 'Task37.Deformation.paraMap_zero' depends on axioms: [propext, Classical.choice, Quot.sound]
info: RequestProject/Spine/Deformation/ProjectedParaAction.lean:268:0: 'Task37.Deformation.contDiff_paraMap' depends on axioms: [propext, Classical.choice, Quot.sound]
info: RequestProject/Spine/Deformation/ProjectedParaAction.lean:269:0: 'Task37.Deformation.projectedTransportState_apply' depends on axioms: [propext, Classical.choice, Quot.sound]
info: RequestProject/Spine/Deformation/ProjectedParaAction.lean:270:0: 'Task37.Deformation.paraEquiv' depends on axioms: [propext, Classical.choice, Quot.sound]
info: RequestProject/Spine/Deformation/ProjectedParaAction.lean:271:0: 'Task37.Deformation.paraMap_add' depends on axioms: [propext, Classical.choice, Quot.sound]
info: RequestProject/Spine/Deformation/ProjectedParaAction.lean:272:0: 'Task37.Deformation.projectedTransportState_eq_paraEquiv' depends on axioms: [propext, Classical.choice, Quot.sound]
ℹ [8276/8356] Built RequestProject.Spine.Solder.WeakInsufficiency (31s)
info: RequestProject/Spine/Solder/WeakInsufficiency.lean:311:0: 'SpinNative.SmoothTangentSolderData.weakTangentRep_eq' depends on axioms: [propext, Classical.choice, Quot.sound]
info: RequestProject/Spine/Solder/WeakInsufficiency.lean:312:0: 'SpinNative.badSolder' depends on axioms: [propext, Classical.choice, Quot.sound]
info: RequestProject/Spine/Solder/WeakInsufficiency.lean:313:0: 'SpinNative.badSolder_rep_not_continuousOn' depends on axioms: [propext, Classical.choice, Quot.sound]
info: RequestProject/Spine/Solder/WeakInsufficiency.lean:314:0: 'SpinNative.badSolder_metric_not_continuousOn' depends on axioms: [propext, Classical.choice, Quot.sound]
info: RequestProject/Spine/Solder/WeakInsufficiency.lean:315:0: 'SpinNative.weak_solder_not_regular' depends on axioms: [propext, Classical.choice, Quot.sound]
ℹ [8277/8356] Built RequestProject.Spine.Task36.SmoothBundlePackaging (31s)
info: RequestProject/Spine/Task36/SmoothBundlePackaging.lean:217:0: 'Task36.internal_coordChange_eq_solderRep' depends on axioms: [propext, Classical.choice, Quot.sound]
info: RequestProject/Spine/Task36/SmoothBundlePackaging.lean:218:0: 'Task36.internal_bundle_coordChange_smooth_in_charts' depends on axioms: [propext, Classical.choice, Quot.sound]
info: RequestProject/Spine/Task36/SmoothBundlePackaging.lean:219:0: 'Task36.RegularBundleCertificate' depends on axioms: [propext, Classical.choice, Quot.sound]
info: RequestProject/Spine/Task36/SmoothBundlePackaging.lean:220:0: 'Task36.SmoothTangentSolderData.toRegularBundleCertificate' depends on axioms: [propext, Classical.choice, Quot.sound]
info: RequestProject/Spine/Task36/SmoothBundlePackaging.lean:221:0: 'Task36.nonempty_regularBundleCertificate_iff' depends on axioms: [propext, Classical.choice, Quot.sound]
✔ [8278/8356] Built RequestProject.Spine.GoodCover.Constancy (21s)
✔ [8279/8356] Built RequestProject.Spine.Cech.SingularBridgeSpec (19s)
ℹ [8280/8356] Built RequestProject.Spine.Solder.SmoothMetric (28s)
info: RequestProject/Spine/Solder/SmoothMetric.lean:241:0: 'SpinNative.SmoothTangentSolderData.contDiffOn_metricCoeff' depends on axioms: [propext, Classical.choice, Quot.sound]
info: RequestProject/Spine/Solder/SmoothMetric.lean:242:0: 'SpinNative.SmoothTangentSolderData.metricCoeff_transform' depends on axioms: [propext, Classical.choice, Quot.sound]
info: RequestProject/Spine/Solder/SmoothMetric.lean:243:0: 'SpinNative.SmoothTangentSolderData.metricCoeff_signature' depends on axioms: [propext, Classical.choice, Quot.sound]
info: RequestProject/Spine/Solder/SmoothMetric.lean:244:0: 'SpinNative.SmoothTangentSolderData.smooth_tangent_lorentz_metric' depends on axioms: [propext,
 Classical.choice,
 Quot.sound]
✔ [8281/8356] Built RequestProject.Spine.E2.Global.GlobalGlueBase (20s)
ℹ [8282/8356] Built RequestProject.Spine.Task36.OrientationReversing (19s)
info: RequestProject/Spine/Task36/OrientationReversing.lean:113:0: 'Task36.orientation_reversing_gluing_no_solder' depends on axioms: [propext, Classical.choice, Quot.sound]
ℹ [8283/8356] Built RequestProject.Spine.Task36.LoopSolder (23s)
info: RequestProject/Spine/Task36/LoopSolder.lean:126:0: 'Task36.tangentTransitionMap_loop_id' depends on axioms: [propext, Classical.choice, Quot.sound]
info: RequestProject/Spine/Task36/LoopSolder.lean:127:0: 'Task36.loopRegularSolderOf' depends on axioms: [propext, Classical.choice, Quot.sound]
info: RequestProject/Spine/Task36/LoopSolder.lean:128:0: 'Task36.loopRegularSolder' depends on axioms: [propext, Classical.choice, Quot.sound]
info: RequestProject/Spine/Task36/LoopSolder.lean:129:0: 'Task36.nonempty_solder_loopGluing' depends on axioms: [propext, Classical.choice, Quot.sound]
✔ [8284/8356] Built RequestProject.Spine.GoodCover.SingularComparisonSpec (17s)
✔ [8285/8356] Built RequestProject.Spine.E2.Global.InternalGlueRelation (18s)
ℹ [8286/8356] Built RequestProject.Spine.Cech.Core (25s)
info: RequestProject/Spine/Cech/Core.lean:63:0: 'CechZ2.Cochain' does not depend on any axioms
info: RequestProject/Spine/Cech/Core.lean:64:0: 'CechZ2.coboundary_eq_alternating' depends on axioms: [propext, Classical.choice, Quot.sound]
info: RequestProject/Spine/Cech/Core.lean:65:0: 'CechZ2.coboundary_coboundary' depends on axioms: [propext, Classical.choice, Quot.sound]
info: RequestProject/Spine/Cech/Core.lean:66:0: 'CechZ2.d_comp_d' depends on axioms: [propext, Classical.choice, Quot.sound]
info: RequestProject/Spine/Cech/Core.lean:67:0: 'CechZ2.coboundaries_le_cocycles' depends on axioms: [propext, Classical.choice, Quot.sound]
info: RequestProject/Spine/Cech/Core.lean:68:0: 'CechZ2.Cohomology' depends on axioms: [propext, Classical.choice, Quot.sound]
info: RequestProject/Spine/Cech/Core.lean:69:0: 'CechZ2.mk_eq_zero_iff' depends on axioms: [propext, Classical.choice, Quot.sound]
info: RequestProject/Spine/Cech/Core.lean:70:0: 'CechZ2.pull_d' depends on axioms: [propext, Classical.choice, Quot.sound]
info: RequestProject/Spine/Cech/Core.lean:71:0: 'CechZ2.Hmap' depends on axioms: [propext, Classical.choice, Quot.sound]
info: RequestProject/Spine/Cech/Core.lean:72:0: 'CechZ2.Hmap_id' depends on axioms: [propext, Classical.choice, Quot.sound]
info: RequestProject/Spine/Cech/Core.lean:73:0: 'CechZ2.Hmap_comp' depends on axioms: [propext, Classical.choice, Quot.sound]
info: RequestProject/Spine/Cech/Core.lean:74:0: 'CechSpinZ2.KernelSign' depends on axioms: [propext, Classical.choice, Quot.sound]
info: RequestProject/Spine/Cech/Core.lean:75:0: 'CechSpinZ2.KernelSign.kerMulEquiv' depends on axioms: [propext, Classical.choice, Quot.sound]
info: RequestProject/Spine/Cech/Core.lean:76:0: 'CechSpinZ2.spinKernelSign' depends on axioms: [propext, Classical.choice, Quot.sound]
info: RequestProject/Spine/Cech/Core.lean:77:0: 'CechSpinZ2.zCochain' depends on axioms: [propext, Classical.choice, Quot.sound]
info: RequestProject/Spine/Cech/Core.lean:78:0: 'CechSpinZ2.zCochain_apply' depends on axioms: [propext, Classical.choice, Quot.sound]
info: RequestProject/Spine/Cech/Core.lean:79:0: 'CechSpinZ2.d_zCochain' depends on axioms: [propext, Classical.choice, Quot.sound]
info: RequestProject/Spine/Cech/Core.lean:80:0: 'CechSpinZ2.spinCechClass' depends on axioms: [propext, Classical.choice, Quot.sound]
info: RequestProject/Spine/Cech/Core.lean:81:0: 'CechSpinZ2.zCochain_change_of_lift' depends on axioms: [propext, Classical.choice, Quot.sound]
info: RequestProject/Spine/Cech/Core.lean:82:0: 'CechSpinZ2.spinCechClass_lift_independent' depends on axioms: [propext, Classical.choice, Quot.sound]
info: RequestProject/Spine/Cech/Core.lean:83:0: 'CechSpinZ2.spinCechClass_eq_zero_iff_exists_coherent' depends on axioms: [propext, Classical.choice, Quot.sound]
info: RequestProject/Spine/Cech/Core.lean:84:0: 'CechSpinZ2.toObstruction' depends on axioms: [propext, Classical.choice, Quot.sound]
info: RequestProject/Spine/Cech/Core.lean:85:0: 'CechSpinZ2.toObstruction_spinCechClass' depends on axioms: [propext, Classical.choice, Quot.sound]
info: RequestProject/Spine/Cech/Core.lean:86:0: 'CechSpinZ2.toObstruction_injective' depends on axioms: [propext, Classical.choice, Quot.sound]
info: RequestProject/Spine/Cech/Core.lean:87:0: 'CechSpinZ2.classOf_not_mem_range_toObstruction' depends on axioms: [propext, Classical.choice, Quot.sound]
info: RequestProject/Spine/Cech/Core.lean:88:0: 'CechSpinZ2.spinCechClass_eq_zero_iff_obstruction_eq_trivial' depends on axioms: [propext, Classical.choice, Quot.sound]
info: RequestProject/Spine/Cech/Core.lean:89:0: 'CechSpinZ2.Hmap_spinCechClass' depends on axioms: [propext, Classical.choice, Quot.sound]
info: RequestProject/Spine/Cech/Core.lean:90:0: 'CechSpinZ2.spinCechClass_pull_indep_of_map' depends on axioms: [propext, Classical.choice, Quot.sound]
info: RequestProject/Spine/Cech/Core.lean:91:0: 'CechSpinZ2.spinLiftCechClass' depends on axioms: [propext, Classical.choice, Quot.sound]
info: RequestProject/Spine/Cech/Core.lean:92:0: 'CechSpinZ2.spinLiftCechClass_eq_zero_iff_exists_coherent' depends on axioms: [propext, Classical.choice, Quot.sound]
info: RequestProject/Spine/Cech/Core.lean:93:0: 'CechSpinZ2.frameCechClass_eq_zero_iff_spinStructure' depends on axioms: [propext, Classical.choice, Quot.sound]
info: RequestProject/Spine/Cech/Core.lean:94:0: 'CechSingularSpec.transport_refinement' depends on axioms: [propext, Classical.choice, Quot.sound]
ℹ [8287/8356] Built RequestProject.Spine.Task36.SpinNotLorentz (20s)
info: RequestProject/Spine/Task36/SpinNotLorentz.lean:124:0: 'Task36.spin_does_not_imply_lorentz_conditional' depends on axioms: [propext, Classical.choice, Quot.sound]
info: RequestProject/Spine/Task36/SpinNotLorentz.lean:125:0: 'Task36.spin_does_not_imply_lorentz_moebius' depends on axioms: [propext, Classical.choice, Quot.sound]
ℹ [8288/8356] Built RequestProject.Spine.Solder.OrientationTime (25s)
info: RequestProject/Spine/Solder/OrientationTime.lean:273:0: 'SpinNative.SmoothTangentSolderData.frameChange_det' depends on axioms: [propext, Classical.choice, Quot.sound]
info: RequestProject/Spine/Solder/OrientationTime.lean:274:0: 'SpinNative.SmoothTangentSolderData.futureCone_transform' depends on axioms: [propext, Classical.choice, Quot.sound]
info: RequestProject/Spine/Solder/OrientationTime.lean:275:0: 'SpinNative.SmoothTangentSolderData.contDiffOn_timeField' depends on axioms: [propext, Classical.choice, Quot.sound]
info: RequestProject/Spine/Solder/OrientationTime.lean:276:0: 'SpinNative.SmoothTangentSolderData.timeField_glue_iff' depends on axioms: [propext, Classical.choice, Quot.sound]
info: RequestProject/Spine/Solder/OrientationTime.lean:277:0: 'SpinNative.SmoothTangentSolderData.orientation_time_orientation_status' depends on axioms: [propext,
 Classical.choice,
 Quot.sound]
✔ [8289/8356] Built RequestProject.Spine.GoodCover.W2Interface (16s)
✔ [8290/8356] Built RequestProject.Spine.GoodCover.HardenedSpec (17s)
✔ [8291/8356] Built RequestProject.Spine.E2.Global.InternalQuotient (16s)
ℹ [8292/8356] Built RequestProject.Spine.Task36.LoopSpinFreedom (28s)
info: RequestProject/Spine/Task36/LoopSpinFreedom.lean:481:0: 'Task36.signKerCocycle' depends on axioms: [propext, Classical.choice, Quot.sound]
info: RequestProject/Spine/Task36/LoopSpinFreedom.lean:482:0: 'Task36.loop_spin_lift_has_solder' depends on axioms: [propext, Classical.choice, Quot.sound]
info: RequestProject/Spine/Task36/LoopSpinFreedom.lean:483:0: 'Task36.loop_spin_lifts_inequivalent' depends on axioms: [propext, Classical.choice, Quot.sound]
info: RequestProject/Spine/Task36/LoopSpinFreedom.lean:484:0: 'Task36.one_loop_has_kernel_sign_freedom' depends on axioms: [propext, Classical.choice, Quot.sound]
info: RequestProject/Spine/Task36/LoopSpinFreedom.lean:485:0: 'Task36.fixed_cover_spin_choice_family' depends on axioms: [propext, Classical.choice, Quot.sound]
info: RequestProject/Spine/Task36/LoopSpinFreedom.lean:486:0: 'Task36.two_loop_spin_choice_family' depends on axioms: [propext, Classical.choice, Quot.sound]
ℹ [8293/8356] Built RequestProject.Spine.Task36.TimeOrientation (18s)
info: RequestProject/Spine/Task36/TimeOrientation.lean:143:0: 'Task36.TimeOrientationReduction' depends on axioms: [propext, Classical.choice, Quot.sound]
info: RequestProject/Spine/Task36/TimeOrientation.lean:144:0: 'Task36.solder_timeOrientationReduction' depends on axioms: [propext, Classical.choice, Quot.sound]
info: RequestProject/Spine/Task36/TimeOrientation.lean:145:0: 'Task36.nonempty_timeOrientationReduction_of_solder' depends on axioms: [propext, Classical.choice, Quot.sound]
ℹ [8294/8356] Built RequestProject.Spine.Solder.RegularGauge (23s)
info: RequestProject/Spine/Solder/RegularGauge.lean:174:0: 'SpinNative.RegularTangentGauge' depends on axioms: [propext, Classical.choice, Quot.sound]
info: RequestProject/Spine/Solder/RegularGauge.lean:175:0: 'SpinNative.RegularTangentGauge.act' depends on axioms: [propext, Classical.choice, Quot.sound]
info: RequestProject/Spine/Solder/RegularGauge.lean:176:0: 'SpinNative.SmoothTangentSolderData.exists_regularGauge' depends on axioms: [propext, Classical.choice, Quot.sound]
info: RequestProject/Spine/Solder/RegularGauge.lean:177:0: 'SpinNative.SmoothTangentSolderData.regularGauge_unique' depends on axioms: [propext, Classical.choice, Quot.sound]
info: RequestProject/Spine/Solder/RegularGauge.lean:178:0: 'SpinNative.SmoothTangentSolderData.regular_solder_torsor' depends on axioms: [propext, Classical.choice, Quot.sound]
✔ [8295/8356] Built RequestProject.Spine.Nerve.Cochain.ComparisonSpec (17s)
✔ [8296/8356] Built RequestProject.Spine.E2.Global.InternalTopology (19s)
ℹ [8297/8356] Built RequestProject.Spine.Deformation.LoopSharedTransport (27s)
info: RequestProject/Spine/Deformation/LoopSharedTransport.lean:260:0: 'Task37.Deformation.loopSharedSpin' depends on axioms: [propext, Classical.choice, Quot.sound]
info: RequestProject/Spine/Deformation/LoopSharedTransport.lean:261:0: 'Task37.Deformation.loopSharedSpin_zero' depends on axioms: [propext, Classical.choice, Quot.sound]
info: RequestProject/Spine/Deformation/LoopSharedTransport.lean:262:0: 'Task37.Deformation.loopSharedSpin_projected_zero' depends on axioms: [propext, Classical.choice, Quot.sound]
info: RequestProject/Spine/Deformation/LoopSharedTransport.lean:263:0: 'Task37.Deformation.loopSharedSpin_zero_solder' depends on axioms: [propext, Classical.choice, Quot.sound]
info: RequestProject/Spine/Deformation/LoopSharedTransport.lean:264:0: 'Task37.Deformation.loopSharedSpin_projected_wrap_ne_refl' depends on axioms: [propext, Classical.choice, Quot.sound]
ℹ [8298/8356] Built RequestProject.Spine.Task36.LoopTimeOrientation (23s)
info: RequestProject/Spine/Task36/LoopTimeOrientation.lean:62:0: 'Task36.loop_timeOrientationReduction_isGlued' depends on axioms: [propext, Classical.choice, Quot.sound]
ℹ [8299/8356] Built RequestProject.Spine.Task36.TrivialControl (26s)
info: RequestProject/Spine/Task36/TrivialControl.lean:150:0: 'Task36.kerCocycle_pointwiseTrivial_of_subsingleton' depends on axioms: [propext, Classical.choice, Quot.sound]
info: RequestProject/Spine/Task36/TrivialControl.lean:151:0: 'Task36.oneChartSolder' depends on axioms: [propext, Classical.choice, Quot.sound]
info: RequestProject/Spine/Task36/TrivialControl.lean:152:0: 'Task36.oneChart_no_overlap_obstruction' depends on axioms: [propext, Classical.choice, Quot.sound]
info: RequestProject/Spine/Task36/TrivialControl.lean:153:0: 'Task36.oneChart_positive_control' depends on axioms: [propext, Classical.choice, Quot.sound]
✔ [8300/8356] Built RequestProject.Spine.Nerve.Comparison.GlobalCohomology (20s)
ℹ [8301/8356] Built RequestProject.Spine.GoodCover.Core (39s)
info: RequestProject/Spine/GoodCover/Core.lean:74:0: 'NerveZ2.Presimplicial.coboundary_coboundary' depends on axioms: [propext, Classical.choice, Quot.sound]
info: RequestProject/Spine/GoodCover/Core.lean:75:0: 'NerveZ2.Presimplicial.Cohomology' depends on axioms: [propext, Classical.choice, Quot.sound]
info: RequestProject/Spine/GoodCover/Core.lean:76:0: 'NerveZ2.coverNerve' depends on axioms: [propext, Classical.choice, Quot.sound]
info: RequestProject/Spine/GoodCover/Core.lean:77:0: 'NerveZ2.coverNerve_cohomology' depends on axioms: [propext, Classical.choice, Quot.sound]
info: RequestProject/Spine/GoodCover/Core.lean:78:0: 'NerveZ2.cechCohomologyEquiv' depends on axioms: [propext, Classical.choice, Quot.sound]
info: RequestProject/Spine/GoodCover/Core.lean:79:0: 'GoodCoverZ2.IsGoodCover' depends on axioms: [propext, Classical.choice, Quot.sound]
info: RequestProject/Spine/GoodCover/Core.lean:80:0: 'GoodCoverZ2.contractible_ne_preconnected' depends on axioms: [propext, Classical.choice, Quot.sound]
info: RequestProject/Spine/GoodCover/Core.lean:81:0: 'GoodCoverZ2.IsGoodCover.isPreconnected_inter' depends on axioms: [propext, Classical.choice, Quot.sound]
info: RequestProject/Spine/GoodCover/Core.lean:82:0: 'GoodCoverZ2.IsAcyclicCover' depends on axioms: [propext, Classical.choice, Quot.sound]
info: RequestProject/Spine/GoodCover/Core.lean:83:0: 'GoodCoverZ2.isAcyclicCover_of_subsingleton' depends on axioms: [propext, Classical.choice, Quot.sound]
info: RequestProject/Spine/GoodCover/Core.lean:84:0: 'GoodCoverZ2.goodCover_constOn' depends on axioms: [propext, Classical.choice, Quot.sound]
info: RequestProject/Spine/GoodCover/Core.lean:85:0: 'GoodCoverZ2.spinLiftCechClassGood' depends on axioms: [propext, Classical.choice, Quot.sound]
info: RequestProject/Spine/GoodCover/Core.lean:86:0: 'GoodCoverZ2.spinLiftCechClassGood_lift_independent' depends on axioms: [propext, Classical.choice, Quot.sound]
info: RequestProject/Spine/GoodCover/Core.lean:87:0: 'GoodCoverZ2.spinLiftCechClassGood_eq_zero_iff' depends on axioms: [propext, Classical.choice, Quot.sound]
info: RequestProject/Spine/GoodCover/Core.lean:88:0: 'GoodCoverZ2.frameCechClassGood_eq_zero_iff_spinStructure' depends on axioms: [propext, Classical.choice, Quot.sound]
info: RequestProject/Spine/GoodCover/Core.lean:89:0: 'GoodCoverZ2.toObstruction_injective_of_goodCover' depends on axioms: [propext, Classical.choice, Quot.sound]
info: RequestProject/Spine/GoodCover/Core.lean:90:0: 'Mod2Cohomology.cohomology_succ_eq_zero_of_subsingleton' depends on axioms: [propext, Classical.choice, Quot.sound]
info: RequestProject/Spine/GoodCover/Core.lean:91:0: 'SpineTop.stronglyLocallyContractibleSpace_of_normed' depends on axioms: [propext, Classical.choice, Quot.sound]
info: RequestProject/Spine/GoodCover/Core.lean:92:0: 'SpineTop.exists_contractible_open_nhds' depends on axioms: [propext, Classical.choice, Quot.sound]
info: RequestProject/Spine/GoodCover/Core.lean:93:0: 'SpineTop.stronglyLocallyContractibleSpace_of_chartedSpace' depends on axioms: [propext, Classical.choice, Quot.sound]
info: RequestProject/Spine/GoodCover/Core.lean:94:0: 'SpineTop.exists_contractible_refinement' depends on axioms: [propext, Classical.choice, Quot.sound]
info: RequestProject/Spine/GoodCover/Core.lean:95:0: 'SpineTop.HasGoodCover' depends on axioms: [propext, Classical.choice, Quot.sound]
info: RequestProject/Spine/GoodCover/Core.lean:96:0: 'SpineTop.hasGoodCover_of_contractible' depends on axioms: [propext, Classical.choice, Quot.sound]
info: RequestProject/Spine/GoodCover/Core.lean:97:0: 'LorentzFrames.contractibleCover' depends on axioms: [propext, Classical.choice, Quot.sound]
info: RequestProject/Spine/GoodCover/Core.lean:98:0: 'LorentzFrames.contractibleCover_contractible' depends on axioms: [propext, Classical.choice, Quot.sound]
info: RequestProject/Spine/GoodCover/Core.lean:99:0: 'GoodCoverSpec.HomotopyInvariance.cohomology_succ_eq_zero_of_contractible' depends on axioms: [propext,
 Classical.choice,
 Quot.sound]
info: RequestProject/Spine/GoodCover/Core.lean:100:0: 'GoodCoverSpec.isAcyclicCover_of_isGoodCover' depends on axioms: [propext, Classical.choice, Quot.sound]
info: RequestProject/Spine/GoodCover/Core.lean:101:0: 'GoodCoverSpec.Comparison.equiv' depends on axioms: [propext, Classical.choice, Quot.sound]
info: RequestProject/Spine/GoodCover/Core.lean:102:0: 'GoodCoverSpec.Comparison.equiv_eq_zero_iff' depends on axioms: [propext, Classical.choice, Quot.sound]
info: RequestProject/Spine/GoodCover/Core.lean:103:0: 'GoodCoverSpec.spinLiftSingularClass' depends on axioms: [propext, Classical.choice, Quot.sound]
info: RequestProject/Spine/GoodCover/Core.lean:104:0: 'GoodCoverSpec.spinLiftSingularClass_lift_independent' depends on axioms: [propext, Classical.choice, Quot.sound]
info: RequestProject/Spine/GoodCover/Core.lean:105:0: 'GoodCoverSpec.spinLiftSingularClass_eq_zero_iff' depends on axioms: [propext, Classical.choice, Quot.sound]
info: RequestProject/Spine/GoodCover/Core.lean:106:0: 'GoodCoverSpec.frameSingularClass_eq_zero_iff_spinStructure' depends on axioms: [propext, Classical.choice, Quot.sound]
info: RequestProject/Spine/GoodCover/Core.lean:107:0: 'GoodCoverSpec.spinLiftSingularClass_refinement' depends on axioms: [propext, Classical.choice, Quot.sound]
info: RequestProject/Spine/GoodCover/Core.lean:108:0: 'GoodCoverSpec.spinLiftSingularClass_common_refinement' depends on axioms: [propext, Classical.choice, Quot.sound]
info: RequestProject/Spine/GoodCover/Core.lean:109:0: 'GoodCoverSpec.spinStructure_iff_of_agrees' depends on axioms: [propext, Classical.choice, Quot.sound]
ℹ [8302/8356] Built RequestProject.Spine.Comparison.SmoothSolderGate (26s)
info: RequestProject/Spine/Comparison/SmoothSolderGate.lean:219:0: 'SpinNative.SmoothTangentSolderData.spin_endpoint_topological' depends on axioms: [propext,
 Classical.choice,
 Quot.sound]
info: RequestProject/Spine/Comparison/SmoothSolderGate.lean:220:0: 'SpinNative.SmoothTangentSolderData.smooth_solder_tangent_certificate' depends on axioms: [propext,
 Classical.choice,
 Quot.sound]
✔ [8303/8356] Built RequestProject.Spine.Nerve.Cochain.ChainHomotopyComparison (24s)
✔ [8304/8356] Built RequestProject.Spine.E2.Global.InternalGroupAction (16s)
ℹ [8305/8356] Built RequestProject.Spine.Task36.GaugeGroup (34s)
info: RequestProject/Spine/Task36/GaugeGroup.lean:225:0: 'Task36.gauge_ext' depends on axioms: [propext, Classical.choice, Quot.sound]
info: RequestProject/Spine/Task36/GaugeGroup.lean:226:0: 'Task36.solder_ext' depends on axioms: [propext, Classical.choice, Quot.sound]
info: RequestProject/Spine/Task36/GaugeGroup.lean:227:0: 'Task36.act_one' depends on axioms: [propext, Classical.choice, Quot.sound]
info: RequestProject/Spine/Task36/GaugeGroup.lean:228:0: 'Task36.act_mul' depends on axioms: [propext, Classical.choice, Quot.sound]
info: RequestProject/Spine/Task36/GaugeGroup.lean:229:0: 'Task36.regularGauge_isPretransitive' depends on axioms: [propext, Classical.choice, Quot.sound]
info: RequestProject/Spine/Task36/GaugeGroup.lean:230:0: 'Task36.regularGauge_free' depends on axioms: [propext, Classical.choice, Quot.sound]
info: RequestProject/Spine/Task36/GaugeGroup.lean:231:0: 'Task36.regular_solder_is_gauge_torsor' depends on axioms: [propext, Classical.choice, Quot.sound]
ℹ [8306/8356] Built RequestProject.Spine.Task36.SpinFoamControl (20s)
info: RequestProject/Spine/Task36/SpinFoamControl.lean:111:0: 'Task36.SpinFoamLabels' depends on axioms: [propext, Classical.choice, Quot.sound]
info: RequestProject/Spine/Task36/SpinFoamControl.lean:112:0: 'Task36.spinFoamLabels_unconstrained' depends on axioms: [propext, Classical.choice, Quot.sound]
info: RequestProject/Spine/Task36/SpinFoamControl.lean:113:0: 'Task36.spin_foam_labels_do_not_determine_solder' depends on axioms: [propext, Classical.choice, Quot.sound]
ℹ [8307/8356] Built RequestProject.Spine.Deformation.NeutralRegression (24s)
info: RequestProject/Spine/Deformation/NeutralRegression.lean:135:0: 'Task37.Deformation.neutralFamily' depends on axioms: [propext, Classical.choice, Quot.sound]
info: RequestProject/Spine/Deformation/NeutralRegression.lean:136:0: 'Task37.Deformation.loopTransportFamily' depends on axioms: [propext, Classical.choice, Quot.sound]
info: RequestProject/Spine/Deformation/NeutralRegression.lean:137:0: 'Task37.Deformation.loopTransportFamily_spin_zero' depends on axioms: [propext, Classical.choice, Quot.sound]
info: RequestProject/Spine/Deformation/NeutralRegression.lean:138:0: 'Task37.Deformation.loopTransportFamily_projected_zero' depends on axioms: [propext, Classical.choice, Quot.sound]
info: RequestProject/Spine/Deformation/NeutralRegression.lean:139:0: 'Task37.Deformation.reconvergence_at_neutral' depends on axioms: [propext, Classical.choice, Quot.sound]
info: RequestProject/Spine/Deformation/NeutralRegression.lean:140:0: 'Task37.Deformation.loopTransportFamily_zero_solder' depends on axioms: [propext, Classical.choice, Quot.sound]
ℹ [8308/8356] Built RequestProject.Spine.Task36.Certificate (20s)
info: RequestProject/Spine/Task36/Certificate.lean:165:0: 'Task36.adversarial_global_topology_certificate' depends on axioms: [propext, Classical.choice, Quot.sound]
✔ [8309/8356] Built RequestProject.Spine.E2.Global.GlobalFrameProjection (14s)
✔ [8310/8356] Built RequestProject.Spine.E2.Global.KernelFibres (7.9s)
ℹ [8311/8356] Built RequestProject.Spine.Deformation.ClosureAdmissibility (21s)
info: RequestProject/Spine/Deformation/ClosureAdmissibility.lean:291:0: 'Task37.Deformation.RegularClosureSolution' depends on axioms: [propext, Classical.choice, Quot.sound]
info: RequestProject/Spine/Deformation/ClosureAdmissibility.lean:292:0: 'Task37.Deformation.RegularClosureAdmissible' depends on axioms: [propext, Classical.choice, Quot.sound]
info: RequestProject/Spine/Deformation/ClosureAdmissibility.lean:293:0: 'Task37.Deformation.RegularClosureSolution.reconvergence' depends on axioms: [propext, Classical.choice, Quot.sound]
info: RequestProject/Spine/Deformation/ClosureAdmissibility.lean:294:0: 'Task37.Deformation.loopTransportFamily_admissible_zero' depends on axioms: [propext, Classical.choice, Quot.sound]
info: RequestProject/Spine/Deformation/ClosureAdmissibility.lean:295:0: 'Task37.Deformation.moebiusTransportFamily_not_admissible' depends on axioms: [propext, Classical.choice, Quot.sound]
info: RequestProject/Spine/Deformation/ClosureAdmissibility.lean:296:0: 'Task37.Deformation.selective_family_admissible_zero' depends on axioms: [propext, Classical.choice, Quot.sound]
info: RequestProject/Spine/Deformation/ClosureAdmissibility.lean:297:0: 'Task37.Deformation.selective_family_not_admissible_of_ne' depends on axioms: [propext, Classical.choice, Quot.sound]
info: RequestProject/Spine/Deformation/ClosureAdmissibility.lean:298:0: 'Task37.Deformation.not_forall_regularClosureAdmissible' depends on axioms: [propext, Classical.choice, Quot.sound]
✔ [8312/8356] Built RequestProject.Spine.E2.Global.LocalComparison (7.0s)
ℹ [8313/8356] Built RequestProject.Spine.Nerve.Core (37s)
info: RequestProject/Spine/Nerve/Core.lean:77:0: 'NerveGeom.coverNerveSSet' depends on axioms: [propext, Classical.choice, Quot.sound]
info: RequestProject/Spine/Nerve/Core.lean:78:0: 'NerveGeom.coverNerveSSet_delta' depends on axioms: [propext, Classical.choice, Quot.sound]
info: RequestProject/Spine/Nerve/Core.lean:79:0: 'NerveGeom.coverNerveSSet_sigma' depends on axioms: [propext, Classical.choice, Quot.sound]
info: RequestProject/Spine/Nerve/Core.lean:80:0: 'NerveGeom.degen_repeats_vertex' depends on axioms: [propext, Classical.choice, Quot.sound]
info: RequestProject/Spine/Nerve/Core.lean:81:0: 'NerveGeom.face_face_comm' depends on axioms: [propext, Classical.choice, Quot.sound]
info: RequestProject/Spine/Nerve/Core.lean:82:0: 'NerveGeom.degen_degen_comm' depends on axioms: [propext, Classical.choice, Quot.sound]
info: RequestProject/Spine/Nerve/Core.lean:83:0: 'NerveGeom.face_castSucc_degen' depends on axioms: [propext, Classical.choice, Quot.sound]
info: RequestProject/Spine/Nerve/Core.lean:84:0: 'NerveGeom.face_succ_degen' depends on axioms: [propext, Classical.choice, Quot.sound]
info: RequestProject/Spine/Nerve/Core.lean:85:0: 'NerveGeom.face_degen_of_le' depends on axioms: [propext, Classical.choice, Quot.sound]
info: RequestProject/Spine/Nerve/Core.lean:86:0: 'NerveGeom.face_degen_of_gt' depends on axioms: [propext, Classical.choice, Quot.sound]
info: RequestProject/Spine/Nerve/Core.lean:87:0: 'NerveGeom.underlyingPresimplicial_coverNerveSSet' depends on axioms: [propext, Classical.choice, Quot.sound]
info: RequestProject/Spine/Nerve/Core.lean:88:0: 'NerveGeom.d_eq' depends on axioms: [propext, Classical.choice, Quot.sound]
info: RequestProject/Spine/Nerve/Core.lean:89:0: 'NerveGeom.cechCohomologyEquivSSet' depends on axioms: [propext, Classical.choice, Quot.sound]
info: RequestProject/Spine/Nerve/Core.lean:90:0: 'NerveGeom.isDegenerate_iff_exists_degen' depends on axioms: [propext, Classical.choice, Quot.sound]
info: RequestProject/Spine/Nerve/Core.lean:91:0: 'NerveGeom.normalizedCochains' depends on axioms: [propext, Classical.choice, Quot.sound]
info: RequestProject/Spine/Nerve/Core.lean:92:0: 'NerveGeom.coverNerveRealization' depends on axioms: [propext, Classical.choice, Quot.sound]
info: RequestProject/Spine/Nerve/Core.lean:93:0: 'NerveGeom.charSimplex' depends on axioms: [propext, Classical.choice, Quot.sound]
info: RequestProject/Spine/Nerve/Core.lean:94:0: 'NerveGeom.charMap' depends on axioms: [propext, Classical.choice, Quot.sound]
info: RequestProject/Spine/Nerve/Core.lean:95:0: 'NerveGeom.charSimplex_reindex' depends on axioms: [propext, Classical.choice, Quot.sound]
info: RequestProject/Spine/Nerve/Core.lean:96:0: 'NerveGeom.charSimplex_face' depends on axioms: [propext, Classical.choice, Quot.sound]
info: RequestProject/Spine/Nerve/Core.lean:97:0: 'NerveGeom.charSimplex_degen' depends on axioms: [propext, Classical.choice, Quot.sound]
info: RequestProject/Spine/Nerve/Core.lean:98:0: 'NerveGeom.charSimplex_universal' depends on axioms: [propext, Classical.choice, Quot.sound]
info: RequestProject/Spine/Nerve/Core.lean:99:0: 'NerveGeom.chainMap' depends on axioms: [propext, Classical.choice, Quot.sound]
info: RequestProject/Spine/Nerve/Core.lean:100:0: 'NerveGeom.chainMap_comm' depends on axioms: [propext, Classical.choice, Quot.sound]
info: RequestProject/Spine/Nerve/Core.lean:101:0: 'NerveGeom.geometricCochainMap' depends on axioms: [propext, Classical.choice, Quot.sound]
info: RequestProject/Spine/Nerve/Core.lean:102:0: 'NerveGeom.geometricCochainMap_dual_chainMap' depends on axioms: [propext, Classical.choice, Quot.sound]
info: RequestProject/Spine/Nerve/Core.lean:103:0: 'NerveGeom.SingularToSimplicialCochainMap.Hmap' depends on axioms: [propext, Classical.choice, Quot.sound]
info: RequestProject/Spine/Nerve/Core.lean:104:0: 'NerveGeom.geometricHmap' depends on axioms: [propext, Classical.choice, Quot.sound]
info: RequestProject/Spine/Nerve/Core.lean:105:0: 'NerveGeom.canonicalNervePresentation' depends on axioms: [propext, Classical.choice, Quot.sound]
info: RequestProject/Spine/Nerve/Core.lean:106:0: 'NerveGeom.NerveTheoremData.toNerveRealizationSpec' depends on axioms: [propext, Classical.choice, Quot.sound]
info: RequestProject/Spine/Nerve/Core.lean:107:0: 'NerveGeom.GeometricComparison.equiv' depends on axioms: [propext, Classical.choice, Quot.sound]
info: RequestProject/Spine/Nerve/Core.lean:108:0: 'NerveGeom.spinLiftRealizedClass' depends on axioms: [propext, Classical.choice, Quot.sound]
info: RequestProject/Spine/Nerve/Core.lean:109:0: 'NerveGeom.spinLiftRealizedClass_lift_independent' depends on axioms: [propext, Classical.choice, Quot.sound]
info: RequestProject/Spine/Nerve/Core.lean:110:0: 'NerveGeom.spinLiftRealizedClass_eq_zero_iff_cech' depends on axioms: [propext, Classical.choice, Quot.sound]
info: RequestProject/Spine/Nerve/Core.lean:111:0: 'NerveGeom.spinLiftRealizedClass_eq_zero_iff' depends on axioms: [propext, Classical.choice, Quot.sound]
info: RequestProject/Spine/Nerve/Core.lean:112:0: 'NerveGeom.frameRealizedClass_eq_zero_iff_spinStructure' depends on axioms: [propext, Classical.choice, Quot.sound]
info: RequestProject/Spine/Nerve/Core.lean:113:0: 'NerveGeom.fullComparison' depends on axioms: [propext, Classical.choice, Quot.sound]
info: RequestProject/Spine/Nerve/Core.lean:114:0: 'NerveGeom.NerveTheoremStatement' depends on axioms: [propext, Classical.choice, Quot.sound]
info: RequestProject/Spine/Nerve/Core.lean:143:0: 'NerveGeom.SSetChain' depends on axioms: [propext, Classical.choice, Quot.sound]
info: RequestProject/Spine/Nerve/Core.lean:144:0: 'NerveGeom.sSetBoundary' depends on axioms: [propext, Classical.choice, Quot.sound]
info: RequestProject/Spine/Nerve/Core.lean:145:0: 'NerveGeom.sSetChainMap' depends on axioms: [propext, Classical.choice, Quot.sound]
info: RequestProject/Spine/Nerve/Core.lean:146:0: 'NerveGeom.sSetBoundary_naturality' depends on axioms: [propext, Classical.choice, Quot.sound]
info: RequestProject/Spine/Nerve/Core.lean:147:0: 'NerveGeom.simpBoundary_eq' depends on axioms: [propext, Classical.choice, Quot.sound]
info: RequestProject/Spine/Nerve/Core.lean:148:0: 'NerveGeom.singBoundary_eq' depends on axioms: [propext, Classical.choice, Quot.sound]
info: RequestProject/Spine/Nerve/Core.lean:149:0: 'NerveGeom.chainMap_eq_unitChainMap' depends on axioms: [propext, Classical.choice, Quot.sound]
info: RequestProject/Spine/Nerve/Core.lean:150:0: 'NerveGeom.chainMap_comm_of_unit' depends on axioms: [propext, Classical.choice, Quot.sound]
info: RequestProject/Spine/Nerve/Core.lean:151:0: 'SpineDualCohomology.dualOf' depends on axioms: [propext, Classical.choice, Quot.sound]
info: RequestProject/Spine/Nerve/Core.lean:152:0: 'SpineDualCohomology.linearCombination_dualOf' depends on axioms: [propext, Classical.choice, Quot.sound]
info: RequestProject/Spine/Nerve/Core.lean:153:0: 'SpineDualCohomology.dualOf_comp' depends on axioms: [propext, Classical.choice, Quot.sound]
info: RequestProject/Spine/Nerve/Core.lean:154:0: 'NerveGeom.dualOf_simpBoundary' depends on axioms: [propext, Classical.choice, Quot.sound]
info: RequestProject/Spine/Nerve/Core.lean:155:0: 'NerveGeom.dualOf_singBoundary' depends on axioms: [propext, Classical.choice, Quot.sound]
info: RequestProject/Spine/Nerve/Core.lean:156:0: 'NerveGeom.dualOf_chainMap' depends on axioms: [propext, Classical.choice, Quot.sound]
info: RequestProject/Spine/Nerve/Core.lean:157:0: 'NerveGeom.ChainHomotopyEquivData' depends on axioms: [propext, Classical.choice, Quot.sound]
info: RequestProject/Spine/Nerve/Core.lean:158:0: 'NerveGeom.ChainComparisonStatement' depends on axioms: [propext, Classical.choice, Quot.sound]
info: RequestProject/Spine/Nerve/Core.lean:159:0: 'NerveGeom.ChainHomotopyEquivData.cochainInv_comm' depends on axioms: [propext, Classical.choice, Quot.sound]
info: RequestProject/Spine/Nerve/Core.lean:160:0: 'NerveGeom.ChainHomotopyEquivData.cochainHtpySimp_zero' depends on axioms: [propext, Classical.choice, Quot.sound]
info: RequestProject/Spine/Nerve/Core.lean:161:0: 'NerveGeom.ChainHomotopyEquivData.cochainHtpySimp_succ' depends on axioms: [propext, Classical.choice, Quot.sound]
info: RequestProject/Spine/Nerve/Core.lean:162:0: 'NerveGeom.ChainHomotopyEquivData.cochainHtpySing_zero' depends on axioms: [propext, Classical.choice, Quot.sound]
info: RequestProject/Spine/Nerve/Core.lean:163:0: 'NerveGeom.ChainHomotopyEquivData.cochainHtpySing_succ' depends on axioms: [propext, Classical.choice, Quot.sound]
info: RequestProject/Spine/Nerve/Core.lean:164:0: 'NerveGeom.Hmap_surjective' depends on axioms: [propext, Classical.choice, Quot.sound]
info: RequestProject/Spine/Nerve/Core.lean:165:0: 'NerveGeom.Hmap_injective' depends on axioms: [propext, Classical.choice, Quot.sound]
info: RequestProject/Spine/Nerve/Core.lean:166:0: 'NerveGeom.geometricHmap_bijective_of_chainHomotopyEquiv' depends on axioms: [propext, Classical.choice, Quot.sound]
info: RequestProject/Spine/Nerve/Core.lean:167:0: 'NerveGeom.ChainHomotopyEquivData.toGeometricComparison' depends on axioms: [propext, Classical.choice, Quot.sound]
info: RequestProject/Spine/Nerve/Core.lean:168:0: 'NerveGeom.spinLiftRealizedClassOfChain_eq_zero_iff_cech' depends on axioms: [propext, Classical.choice, Quot.sound]
info: RequestProject/Spine/Nerve/Core.lean:169:0: 'NerveGeom.spinLiftRealizedClassOfChain_eq_zero_iff' depends on axioms: [propext, Classical.choice, Quot.sound]
info: RequestProject/Spine/Nerve/Core.lean:170:0: 'SpineTask10.not_secondCountable_sigma' depends on axioms: [propext, Classical.choice, Quot.sound]
info: RequestProject/Spine/Nerve/Core.lean:171:0: 'SpineTask10.chartedNotSecondCountable' depends on axioms: [propext, Classical.choice, Quot.sound]
info: RequestProject/Spine/Nerve/Core.lean:172:0: 'SpineTask10.not_secondCountable_of_charted' depends on axioms: [propext, Classical.choice, Quot.sound]
info: RequestProject/Spine/Nerve/Core.lean:176:0: 'SpineTask11.unitChainComplexMap' depends on axioms: [propext, Classical.choice, Quot.sound]
info: RequestProject/Spine/Nerve/Core.lean:177:0: 'SpineTask11.unitChainComplexMap_target' depends on axioms: [propext, Classical.choice, Quot.sound]
info: RequestProject/Spine/Nerve/Core.lean:178:0: 'SpineTask11.unitChainComplexMap_naturality' depends on axioms: [propext, Classical.choice, Quot.sound]
info: RequestProject/Spine/Nerve/Core.lean:179:0: 'SpineTask11.UnitQuasiIsoStatement' depends on axioms: [propext, Classical.choice, Quot.sound]
info: RequestProject/Spine/Nerve/Core.lean:180:0: 'SpineTask11.taskNine_and_mathlib_share_the_unit' depends on axioms: [propext, Classical.choice, Quot.sound]
✔ [8314/8356] Built RequestProject.Spine.E2.Global.ConditionalGlobalInterface (12s)
✔ [8315/8356] Built RequestProject.Spine.E2.Global.PresentationIndependence (8.0s)
ℹ [8316/8356] Built RequestProject.Spine.Deformation.FixedBaseSmokeTest (28s)
info: RequestProject/Spine/Deformation/FixedBaseSmokeTest.lean:363:0: 'Task37.Deformation.wrapProfile' depends on axioms: [propext, Classical.choice, Quot.sound]
info: RequestProject/Spine/Deformation/FixedBaseSmokeTest.lean:364:0: 'Task37.Deformation.loopTransportFun_eq_transportState' depends on axioms: [propext, Classical.choice, Quot.sound]
info: RequestProject/Spine/Deformation/FixedBaseSmokeTest.lean:365:0: 'Task37.Deformation.projectedLoop_apply' depends on axioms: [propext, Classical.choice, Quot.sound]
info: RequestProject/Spine/Deformation/FixedBaseSmokeTest.lean:366:0: 'Task37.Deformation.solderAngle_step' depends on axioms: [propext, Classical.choice, Quot.sound]
info: RequestProject/Spine/Deformation/FixedBaseSmokeTest.lean:367:0: 'Task37.Deformation.loopParaSolder' depends on axioms: [propext, Classical.choice, Quot.sound]
info: RequestProject/Spine/Deformation/FixedBaseSmokeTest.lean:368:0: 'Task37.Deformation.loopParaSolder_zero_A' depends on axioms: [propext, Classical.choice, Quot.sound]
info: RequestProject/Spine/Deformation/FixedBaseSmokeTest.lean:369:0: 'Task37.Deformation.controlAAdmissible_zero' depends on axioms: [propext, Classical.choice, Quot.sound]
info: RequestProject/Spine/Deformation/FixedBaseSmokeTest.lean:370:0: 'Task37.Deformation.controlAAdmissible_all' depends on axioms: [propext, Classical.choice, Quot.sound]
info: RequestProject/Spine/Deformation/FixedBaseSmokeTest.lean:371:0: 'Task37.Deformation.regularRegion_loopTransportFamily' depends on axioms: [propext, Classical.choice, Quot.sound]
info: RequestProject/Spine/Deformation/FixedBaseSmokeTest.lean:372:0: 'Task37.Deformation.controlAAdmissible_neg_iff' depends on axioms: [propext, Classical.choice, Quot.sound]
info: RequestProject/Spine/Deformation/FixedBaseSmokeTest.lean:373:0: 'Task37.Deformation.controlA_regimes' depends on axioms: [propext, Classical.choice, Quot.sound]
✔ [8317/8356] Built RequestProject.Spine.E2.Global.OrdinaryFrameSideInstance (7.0s)
ℹ [8318/8356] Built RequestProject.Spine.E2.Global.Task30 (13s)
info: RequestProject/Spine/E2/Global/Task30.lean:180:0: 'NullSectorTask30.internalGlueRel_equivalence' depends on axioms: [propext, Classical.choice, Quot.sound]
info: RequestProject/Spine/E2/Global/Task30.lean:181:0: 'NullSectorTask30.glueRel_refl' depends on axioms: [propext, Classical.choice, Quot.sound]
info: RequestProject/Spine/E2/Global/Task30.lean:182:0: 'NullSectorTask30.glueRel_symm' depends on axioms: [propext, Classical.choice, Quot.sound]
info: RequestProject/Spine/E2/Global/Task30.lean:183:0: 'NullSectorTask30.glueRel_trans' depends on axioms: [propext, Classical.choice, Quot.sound]
info: RequestProject/Spine/E2/Global/Task30.lean:184:0: 'NullSectorTask30.InternalTotal' depends on axioms: [propext, Classical.choice, Quot.sound]
info: RequestProject/Spine/E2/Global/Task30.lean:185:0: 'NullSectorTask30.internalBase' depends on axioms: [propext, Classical.choice, Quot.sound]
info: RequestProject/Spine/E2/Global/Task30.lean:186:0: 'NullSectorTask30.internalBase_ipsi' depends on axioms: [propext, Classical.choice, Quot.sound]
info: RequestProject/Spine/E2/Global/Task30.lean:187:0: 'NullSectorTask30.internalBase_surjective' depends on axioms: [propext, Classical.choice, Quot.sound]
info: RequestProject/Spine/E2/Global/Task30.lean:188:0: 'NullSectorTask30.ipsi_injective' depends on axioms: [propext, Classical.choice, Quot.sound]
info: RequestProject/Spine/E2/Global/Task30.lean:189:0: 'NullSectorTask30.internalLocalEquiv' depends on axioms: [propext, Classical.choice, Quot.sound]
info: RequestProject/Spine/E2/Global/Task30.lean:190:0: 'NullSectorTask30.exists_ipsi_rep' depends on axioms: [propext, Classical.choice, Quot.sound]
info: RequestProject/Spine/E2/Global/Task30.lean:191:0: 'NullSectorTask30.isOpen_internalTotal_iff' depends on axioms: [propext, Classical.choice, Quot.sound]
info: RequestProject/Spine/E2/Global/Task30.lean:192:0: 'NullSectorTask30.internalTotal_topology_eq_iSup' depends on axioms: [propext, Classical.choice, Quot.sound]
info: RequestProject/Spine/E2/Global/Task30.lean:193:0: 'NullSectorTask30.continuous_internalTotal_iff' depends on axioms: [propext, Classical.choice, Quot.sound]
info: RequestProject/Spine/E2/Global/Task30.lean:194:0: 'NullSectorTask30.internal_chart_change_continuous' depends on axioms: [propext, Classical.choice, Quot.sound]
info: RequestProject/Spine/E2/Global/Task30.lean:195:0: 'NullSectorTask30.chgMap_chgMap' depends on axioms: [propext, Classical.choice, Quot.sound]
info: RequestProject/Spine/E2/Global/Task30.lean:196:0: 'NullSectorTask30.chgMap_comp' depends on axioms: [propext, Classical.choice, Quot.sound]
info: RequestProject/Spine/E2/Global/Task30.lean:197:0: 'NullSectorTask30.isOpenMap_ipsi' depends on axioms: [propext, Classical.choice, Quot.sound]
info: RequestProject/Spine/E2/Global/Task30.lean:198:0: 'NullSectorTask30.isOpenMap_iq' depends on axioms: [propext, Classical.choice, Quot.sound]
info: RequestProject/Spine/E2/Global/Task30.lean:199:0: 'NullSectorTask30.continuous_internalBase' depends on axioms: [propext, Classical.choice, Quot.sound]
info: RequestProject/Spine/E2/Global/Task30.lean:200:0: 'NullSectorTask30.isOpen_internalDom' depends on axioms: [propext, Classical.choice, Quot.sound]
info: RequestProject/Spine/E2/Global/Task30.lean:201:0: 'NullSectorTask30.internalChart' depends on axioms: [propext, Classical.choice, Quot.sound]
info: RequestProject/Spine/E2/Global/Task30.lean:202:0: 'NullSectorTask30.internalTotal_topology_unique' depends on axioms: [propext, Classical.choice, Quot.sound]
info: RequestProject/Spine/E2/Global/Task30.lean:203:0: 'NullSectorTask30.glueRel_smulPre' depends on axioms: [propext, Classical.choice, Quot.sound]
info: RequestProject/Spine/E2/Global/Task30.lean:204:0: 'NullSectorTask30.ismul' depends on axioms: [propext, Classical.choice, Quot.sound]
info: RequestProject/Spine/E2/Global/Task30.lean:205:0: 'NullSectorTask30.ismul_one' depends on axioms: [propext, Classical.choice, Quot.sound]
info: RequestProject/Spine/E2/Global/Task30.lean:206:0: 'NullSectorTask30.ismul_mul' depends on axioms: [propext, Classical.choice, Quot.sound]
info: RequestProject/Spine/E2/Global/Task30.lean:207:0: 'NullSectorTask30.internalBase_ismul' depends on axioms: [propext, Classical.choice, Quot.sound]
info: RequestProject/Spine/E2/Global/Task30.lean:208:0: 'NullSectorTask30.continuous_ismul' depends on axioms: [propext, Classical.choice, Quot.sound]
info: RequestProject/Spine/E2/Global/Task30.lean:209:0: 'NullSectorTask30.fiberEquiv' depends on axioms: [propext, Classical.choice, Quot.sound]
info: RequestProject/Spine/E2/Global/Task30.lean:210:0: 'NullSectorTask30.fiberEquiv_chart_change' depends on axioms: [propext, Classical.choice, Quot.sound]
info: RequestProject/Spine/E2/Global/Task30.lean:211:0: 'NullSectorTask30.internalFiber_nonempty' depends on axioms: [propext, Classical.choice, Quot.sound]
info: RequestProject/Spine/E2/Global/Task30.lean:212:0: 'NullSectorTask30.internal_fibre_existsUnique_groupTransport' depends on axioms: [propext, Classical.choice, Quot.sound]
info: RequestProject/Spine/E2/Global/Task30.lean:213:0: 'NullSectorTask30.ismul_free' depends on axioms: [propext, Classical.choice, Quot.sound]
info: RequestProject/Spine/E2/Global/Task30.lean:214:0: 'NullSectorTask30.ismul_injective' depends on axioms: [propext, Classical.choice, Quot.sound]
info: RequestProject/Spine/E2/Global/Task30.lean:215:0: 'NullSectorTask30.ismul_transitive_on_fiber' depends on axioms: [propext, Classical.choice, Quot.sound]
info: RequestProject/Spine/E2/Global/Task30.lean:216:0: 'NullSectorTask30.internalToFrame' depends on axioms: [propext, Classical.choice, Quot.sound]
info: RequestProject/Spine/E2/Global/Task30.lean:217:0: 'NullSectorTask30.toFramePre_glueRel' depends on axioms: [propext, Classical.choice, Quot.sound]
info: RequestProject/Spine/E2/Global/Task30.lean:218:0: 'NullSectorTask30.internalToFrame_over_base' depends on axioms: [propext, Classical.choice, Quot.sound]
info: RequestProject/Spine/E2/Global/Task30.lean:219:0: 'NullSectorTask30.continuous_internalToFrame' depends on axioms: [propext, Classical.choice, Quot.sound]
info: RequestProject/Spine/E2/Global/Task30.lean:220:0: 'NullSectorTask30.internalToFrame_equivariant' depends on axioms: [propext, Classical.choice, Quot.sound]
info: RequestProject/Spine/E2/Global/Task30.lean:221:0: 'NullSectorTask30.internalToFrame_ismul_ker' depends on axioms: [propext, Classical.choice, Quot.sound]
info: RequestProject/Spine/E2/Global/Task30.lean:222:0: 'NullSectorTask30.internalToFrame_fibre_kerSign_torsor' depends on axioms: [propext, Classical.choice, Quot.sound]
info: RequestProject/Spine/E2/Global/Task30.lean:223:0: 'NullSectorTask30.internalToFrame_eq_iff_ker' depends on axioms: [propext, Classical.choice, Quot.sound]
info: RequestProject/Spine/E2/Global/Task30.lean:224:0: 'NullSectorTask30.internalToFrame_fibre_equiv_ker' depends on axioms: [propext, Classical.choice, Quot.sound]
info: RequestProject/Spine/E2/Global/Task30.lean:225:0: 'NullSectorTask30.internalToFrame_fibre_card_two' depends on axioms: [propext, Classical.choice, Quot.sound]
info: RequestProject/Spine/E2/Global/Task30.lean:226:0: 'NullSectorTask30.internalToFrame_in_chart' depends on axioms: [propext, Classical.choice, Quot.sound]
info: RequestProject/Spine/E2/Global/Task30.lean:227:0: 'NullSectorTask30.fibre_comparison' depends on axioms: [propext, Classical.choice, Quot.sound]
info: RequestProject/Spine/E2/Global/Task30.lean:228:0: 'NullSectorTask30.InternalTransitionGauge.gaugeHomeo' depends on axioms: [propext, Classical.choice, Quot.sound]
info: RequestProject/Spine/E2/Global/Task30.lean:229:0: 'NullSectorTask30.InternalTransitionGauge.gaugeHomeo_over_base' depends on axioms: [propext,
 Classical.choice,
 Quot.sound]
info: RequestProject/Spine/E2/Global/Task30.lean:230:0: 'NullSectorTask30.InternalTransitionGauge.gaugeHomeo_equivariant' depends on axioms: [propext,
 Classical.choice,
 Quot.sound]
info: RequestProject/Spine/E2/Global/Task30.lean:231:0: 'NullSectorTask30.InternalTransitionGauge.gaugeHomeo_over_frame' depends on axioms: [propext,
 Classical.choice,
 Quot.sound]
info: RequestProject/Spine/E2/Global/Task30.lean:232:0: 'NullSectorTask30.compatibleTransitions_construct_globalInternalFrameLift' depends on axioms: [propext,
 Classical.choice,
 Quot.sound]
info: RequestProject/Spine/E2/Global/Task30.lean:233:0: 'NullSectorTask30.exists_gluedInternalFrameSystem_of_compatibleTransitions' depends on axioms: [propext,
 Classical.choice,
 Quot.sound]
info: RequestProject/Spine/E2/Global/Task30.lean:234:0: 'NullSectorTask30.GluedInternalFrameSystem.extractedTransitions' depends on axioms: [propext,
 Classical.choice,
 Quot.sound]
info: RequestProject/Spine/E2/Global/Task30.lean:235:0: 'NullSectorTask30.GluedInternalFrameSystem.proj_extractedTransition' depends on axioms: [propext,
 Classical.choice,
 Quot.sound]
info: RequestProject/Spine/E2/Global/Task30.lean:236:0: 'NullSectorTask30.task30_conditionality' depends on axioms: [propext, Classical.choice, Quot.sound]
info: RequestProject/Spine/E2/Global/Task30.lean:237:0: 'NullSectorTask30.task30_input_is_task29_boundary' depends on axioms: [propext, Classical.choice, Quot.sound]
info: RequestProject/Spine/E2/Global/Task30.lean:238:0: 'NullSectorTask30.task27FrameModel' depends on axioms: [propext, Classical.choice, Quot.sound]
info: RequestProject/Spine/E2/Global/Task30.lean:239:0: 'NullSectorTask30.task27FrameSide' depends on axioms: [propext, Classical.choice, Quot.sound]
info: RequestProject/Spine/E2/Global/Task30.lean:240:0: 'NullSectorTask30.task27_family_conditional_global_construction' depends on axioms: [propext,
 Classical.choice,
 Quot.sound]
ℹ [8319/8356] Built RequestProject.Spine.Deformation.CocycleGaugeOrbit (17s)
info: RequestProject/Spine/Deformation/CocycleGaugeOrbit.lean:282:0: 'Task37.Deformation.CocycleGaugeEquiv' depends on axioms: [propext, Quot.sound]
info: RequestProject/Spine/Deformation/CocycleGaugeOrbit.lean:283:0: 'Task37.Deformation.gaugeEquiv_imp_cocycleGaugeEquiv' depends on axioms: [propext, Classical.choice, Quot.sound]
info: RequestProject/Spine/Deformation/CocycleGaugeOrbit.lean:284:0: 'Task37.Deformation.cocycleGaugeEquiv_project' depends on axioms: [propext, Classical.choice, Quot.sound]
info: RequestProject/Spine/Deformation/CocycleGaugeOrbit.lean:285:0: 'Task37.Deformation.continuous_transportState' depends on axioms: [propext, Classical.choice, Quot.sound]
info: RequestProject/Spine/Deformation/CocycleGaugeOrbit.lean:286:0: 'Task37.Deformation.solderAngle_pieceCoord_step' depends on axioms: [propext, Classical.choice, Quot.sound]
info: RequestProject/Spine/Deformation/CocycleGaugeOrbit.lean:287:0: 'Task37.Deformation.spinCocycle_gaugeEquiv_zero' depends on axioms: [propext, Classical.choice, Quot.sound]
info: RequestProject/Spine/Deformation/CocycleGaugeOrbit.lean:288:0: 'Task37.Deformation.spinCocycle_gaugeEquiv' depends on axioms: [propext, Classical.choice, Quot.sound]
info: RequestProject/Spine/Deformation/CocycleGaugeOrbit.lean:289:0: 'Task37.Deformation.projectedCocycle_gaugeEquiv' depends on axioms: [propext, Classical.choice, Quot.sound]
info: RequestProject/Spine/Deformation/CocycleGaugeOrbit.lean:290:0: 'Task37.Deformation.not_kernelGaugeEquiv_of_ne_zero' depends on axioms: [propext, Classical.choice, Quot.sound]
✔ [8320/8356] Built RequestProject.Spine.E2.Defect.LiftabilityPredicate (8.2s)
✔ [8321/8356] Built RequestProject.Spine.E2.Defect.GlobalMapHardening (8.0s)
ℹ [8322/8356] Built RequestProject.Spine.Deformation.TangentMetricComparison (18s)
info: RequestProject/Spine/Deformation/TangentMetricComparison.lean:69:2: Try this:
  [apply] ring_nf
  
  The `ring` tactic failed to close the goal. Use `ring_nf` to obtain a normal form.
    
  Note that `ring` works primarily in *commutative* rings. If you have a noncommutative ring, abelian group or module, consider using `noncomm_ring`, `abel` or `module` instead.
info: RequestProject/Spine/Deformation/TangentMetricComparison.lean:115:4: Try this:
  [apply] ring_nf
  
  The `ring` tactic failed to close the goal. Use `ring_nf` to obtain a normal form.
    
  Note that `ring` works primarily in *commutative* rings. If you have a noncommutative ring, abelian group or module, consider using `noncomm_ring`, `abel` or `module` instead.
info: RequestProject/Spine/Deformation/TangentMetricComparison.lean:148:0: 'Task37.Deformation.BS_paraMap' depends on axioms: [propext, Classical.choice, Quot.sound]
info: RequestProject/Spine/Deformation/TangentMetricComparison.lean:149:0: 'Task37.Deformation.loopParaSolder_A_comparison' depends on axioms: [propext, Classical.choice, Quot.sound]
info: RequestProject/Spine/Deformation/TangentMetricComparison.lean:150:0: 'Task37.Deformation.loopParaSolder_frame' depends on axioms: [propext, Classical.choice, Quot.sound]
info: RequestProject/Spine/Deformation/TangentMetricComparison.lean:151:0: 'Task37.Deformation.tangentMetric_loopParaSolder_eq' depends on axioms: [propext, Classical.choice, Quot.sound]
info: RequestProject/Spine/Deformation/TangentMetricComparison.lean:152:0: 'Task37.Deformation.tangentMetric_loopParaSolder_eq_zero' depends on axioms: [propext, Classical.choice, Quot.sound]
✔ [8323/8356] Built RequestProject.Spine.E2.Defect.UniversalExistenceAudit (8.9s)
✔ [8324/8356] Built RequestProject.Spine.E2.Defect.IntrinsicDefectState (11s)
ℹ [8325/8356] Built RequestProject.Spine.Deformation.SmoothProjectedGauge (16s)
info: RequestProject/Spine/Deformation/SmoothProjectedGauge.lean:129:2: Try this:
  [apply] ring_nf
  
  The `ring` tactic failed to close the goal. Use `ring_nf` to obtain a normal form.
    
  Note that `ring` works primarily in *commutative* rings. If you have a noncommutative ring, abelian group or module, consider using `noncomm_ring`, `abel` or `module` instead.
info: RequestProject/Spine/Deformation/SmoothProjectedGauge.lean:141:0: 'Task37.Deformation.contDiff_solderAngle' depends on axioms: [propext, Classical.choice, Quot.sound]
info: RequestProject/Spine/Deformation/SmoothProjectedGauge.lean:142:0: 'Task37.Deformation.loopProjectedGauge_eq' depends on axioms: [propext, Classical.choice, Quot.sound]
info: RequestProject/Spine/Deformation/SmoothProjectedGauge.lean:143:0: 'Task37.Deformation.contDiffOn_loopProjectedGauge' depends on axioms: [propext, Classical.choice, Quot.sound]
info: RequestProject/Spine/Deformation/SmoothProjectedGauge.lean:144:0: 'Task37.Deformation.loopProjectedGauge_cocycle' depends on axioms: [propext, Classical.choice, Quot.sound]
ℹ [8326/8356] Built RequestProject.Spine.Deformation.SmokeTestCertificate (18s)
info: RequestProject/Spine/Deformation/SmokeTestCertificate.lean:186:0: 'Task37.Deformation.controlA_interface_certificate' depends on axioms: [propext, Classical.choice, Quot.sound]
info: RequestProject/Spine/Deformation/SmokeTestCertificate.lean:187:0: 'Task37.Deformation.paraMap_hasDerivAt_zero' depends on axioms: [propext, Classical.choice, Quot.sound]
info: RequestProject/Spine/Deformation/SmokeTestCertificate.lean:188:0: 'Task37.Deformation.paraMap_ne_zero_of_ne' depends on axioms: [propext, Classical.choice, Quot.sound]
info: RequestProject/Spine/Deformation/SmokeTestCertificate.lean:189:0: 'Task37.Deformation.native_transport_knob_smoketest_certificate' depends on axioms: [propext,
 Classical.choice,
 Quot.sound]
info: RequestProject/Spine/Deformation/SmokeTestCertificate.lean:190:0: 'Task37.Deformation.smoketest_negative_records' depends on axioms: [propext, Classical.choice, Quot.sound]
✔ [8327/8356] Built RequestProject.Spine.E2.Defect.DefectNeutrality (8.3s)
✔ [8328/8356] Built RequestProject.Spine.E2.Defect.ExistenceClassification (9.9s)
✔ [8329/8356] Built RequestProject.Spine.Controls.E2.NativeLiftControl (9.9s)
ℹ [8330/8356] Built RequestProject.Spine.Deformation.SolderTransport (19s)
info: RequestProject/Spine/Deformation/SolderTransport.lean:260:0: 'Task37.Deformation.gaugeAngle_step' depends on axioms: [propext, Classical.choice, Quot.sound]
info: RequestProject/Spine/Deformation/SolderTransport.lean:261:0: 'Task37.Deformation.loopSolderTransport' depends on axioms: [propext, Classical.choice, Quot.sound]
info: RequestProject/Spine/Deformation/SolderTransport.lean:262:0: 'Task37.Deformation.loopSolderTransport_involutive' depends on axioms: [propext, Classical.choice, Quot.sound]
info: RequestProject/Spine/Deformation/SolderTransport.lean:263:0: 'Task37.Deformation.loopSolderEquiv' depends on axioms: [propext, Classical.choice, Quot.sound]
info: RequestProject/Spine/Deformation/SolderTransport.lean:264:0: 'Task37.Deformation.tangentMetric_loopSolderTransport' depends on axioms: [propext, Classical.choice, Quot.sound]
info: RequestProject/Spine/Deformation/SolderTransport.lean:265:0: 'Task37.Deformation.loopSolderSolutionSpace_correspondence' depends on axioms: [propext, Classical.choice, Quot.sound]
✔ [8331/8356] Built RequestProject.Spine.E2.Defect.SpatialClosureInterface (7.6s)
✔ [8332/8356] Built RequestProject.Spine.E2.Defect.GlobalCoveringHardening (9.2s)
ℹ [8333/8356] Built RequestProject.Spine.Closure.IntermediateMilestone (17s)
info: RequestProject/Spine/Closure/IntermediateMilestone.lean:267:0: 'Closure.local_core_certificate' depends on axioms: [propext, Classical.choice, Quot.sound]
info: RequestProject/Spine/Closure/IntermediateMilestone.lean:268:0: 'Closure.global_layer_certificate' depends on axioms: [propext, Classical.choice, Quot.sound]
info: RequestProject/Spine/Closure/IntermediateMilestone.lean:269:0: 'Closure.fixed_cover_lift_freedom_certificate' depends on axioms: [propext, Classical.choice, Quot.sound]
info: RequestProject/Spine/Closure/IntermediateMilestone.lean:270:0: 'Closure.smoketest_certificate' depends on axioms: [propext, Classical.choice, Quot.sound]
info: RequestProject/Spine/Closure/IntermediateMilestone.lean:271:0: 'Closure.intermediate_milestone_certificate' depends on axioms: [propext, Classical.choice, Quot.sound]
✔ [8334/8356] Built RequestProject.Spine.E2.Defect.FrameFamilyRealization (7.8s)
✔ [8335/8356] Built RequestProject.Spine.E2.AtlasChange.UnderlyingFrameGeometry (10s)
✔ [8336/8356] Built RequestProject.Spine.E2.AtlasChange.OrdinaryAtlasChange (8.7s)
ℹ [8337/8356] Built RequestProject.Spine.E2.Defect.Task31 (22s)
info: RequestProject/Spine/E2/Defect/Task31.lean:130:0: 'NullSectorTask31.InternalLiftable' depends on axioms: [propext, Classical.choice, Quot.sound]
info: RequestProject/Spine/E2/Defect/Task31.lean:131:0: 'NullSectorTask31.internalLiftable_iff_canTrivialiseSimultaneously' depends on axioms: [propext,
 Classical.choice,
 Quot.sound]
info: RequestProject/Spine/E2/Defect/Task31.lean:132:0: 'NullSectorTask31.internalLiftable_iff_canTrivialise' depends on axioms: [propext, Classical.choice, Quot.sound]
info: RequestProject/Spine/E2/Defect/Task31.lean:133:0: 'NullSectorTask31.internalLiftable_rep_choice_independent' depends on axioms: [propext, Classical.choice, Quot.sound]
info: RequestProject/Spine/E2/Defect/Task31.lean:134:0: 'NullSectorTask31.internalLiftable_gauge_independent' depends on axioms: [propext, Classical.choice, Quot.sound]
info: RequestProject/Spine/E2/Defect/Task31.lean:135:0: 'NullSectorTask31.internalLiftable_refinement_independent' depends on axioms: [propext, Classical.choice, Quot.sound]
info: RequestProject/Spine/E2/Defect/Task31.lean:136:0: 'NullSectorTask31.internalLiftable_is_property_of_ordinary_system' depends on axioms: [propext,
 Classical.choice,
 Quot.sound]
info: RequestProject/Spine/E2/Defect/Task31.lean:137:0: 'NullSectorTask31.internalLiftable_of_transitions_trivial' depends on axioms: [propext, Classical.choice, Quot.sound]
info: RequestProject/Spine/E2/Defect/Task31.lean:138:0: 'NullSectorTask30.OrdinaryFrameModel.ract_transitive' depends on axioms: [propext, Classical.choice, Quot.sound]
info: RequestProject/Spine/E2/Defect/Task31.lean:139:0: 'NullSectorTask30.OrdinaryFrameModel.ract_existsUnique' depends on axioms: [propext, Classical.choice, Quot.sound]
info: RequestProject/Spine/E2/Defect/Task31.lean:140:0: 'NullSectorTask30.OrdinaryFrameSide.ract_existsUnique_fibre' depends on axioms: [propext, Classical.choice, Quot.sound]
info: RequestProject/Spine/E2/Defect/Task31.lean:141:0: 'NullSectorTask30.GluedInternalFrameSystem.globalObject_frozen_interface' depends on axioms: [propext,
 Classical.choice,
 Quot.sound]
info: RequestProject/Spine/E2/Defect/Task31.lean:142:0: 'NullSectorTask30.GluedInternalFrameSystem.toFrame_act_ker' depends on axioms: [propext, Classical.choice, Quot.sound]
info: RequestProject/Spine/E2/Defect/Task31.lean:143:0: 'NullSectorTask30.GluedInternalFrameSystem.toFrame_surjective' depends on axioms: [propext,
 Classical.choice,
 Quot.sound]
info: RequestProject/Spine/E2/Defect/Task31.lean:144:0: 'NullSectorTask30.GluedInternalFrameSystem.toFrame_fibre_nonempty' depends on axioms: [propext,
 Classical.choice,
 Quot.sound]
info: RequestProject/Spine/E2/Defect/Task31.lean:145:0: 'NullSectorTask30.GluedInternalFrameSystem.toFrame_fibre_torsor' depends on axioms: [propext,
 Classical.choice,
 Quot.sound]
info: RequestProject/Spine/E2/Defect/Task31.lean:146:0: 'NullSectorTask30.GluedInternalFrameSystem.toFrameFibreEquivKer' depends on axioms: [propext,
 Classical.choice,
 Quot.sound]
info: RequestProject/Spine/E2/Defect/Task31.lean:147:0: 'NullSectorTask30.GluedInternalFrameSystem.toFrame_fibre_card' depends on axioms: [propext,
 Classical.choice,
 Quot.sound]
info: RequestProject/Spine/E2/Defect/Task31.lean:148:0: 'NullSectorTask30.GluedInternalFrameSystem.toFrame_fibre_card_two' depends on axioms: [propext,
 Classical.choice,
 Quot.sound]
info: RequestProject/Spine/E2/Defect/Task31.lean:149:0: 'NullSectorTask31.internalToFrame_surjective' depends on axioms: [propext, Classical.choice, Quot.sound]
info: RequestProject/Spine/E2/Defect/Task31.lean:150:0: 'NullSectorTask31.internalToFrame_fibre_nonempty_over_every_frame' depends on axioms: [propext,
 Classical.choice,
 Quot.sound]
info: RequestProject/Spine/E2/Defect/Task31.lean:151:0: 'NullSectorTask31.internalToFrame_fibre_torsor_over_every_frame' depends on axioms: [propext,
 Classical.choice,
 Quot.sound]
info: RequestProject/Spine/E2/Defect/Task31.lean:152:0: 'NullSectorTask31.internalToFrame_fibre_card_two_over_every_frame' depends on axioms: [propext,
 Classical.choice,
 Quot.sound]
info: RequestProject/Spine/E2/Defect/Task31.lean:153:0: 'NullSectorTask31.UniversalInternalLiftability' depends on axioms: [propext, Classical.choice, Quot.sound]
info: RequestProject/Spine/E2/Defect/Task31.lean:154:0: 'NullSectorTask31.Examples.badSystem' depends on axioms: [propext, Classical.choice, Quot.sound]
info: RequestProject/Spine/E2/Defect/Task31.lean:155:0: 'NullSectorTask31.Examples.goodSystem' depends on axioms: [propext, Classical.choice, Quot.sound]
info: RequestProject/Spine/E2/Defect/Task31.lean:156:0: 'NullSectorTask31.Examples.badSystem_not_internalLiftable' depends on axioms: [propext, Classical.choice, Quot.sound]
info: RequestProject/Spine/E2/Defect/Task31.lean:157:0: 'NullSectorTask31.Examples.goodSystem_internalLiftable' depends on axioms: [propext, Classical.choice, Quot.sound]
info: RequestProject/Spine/E2/Defect/Task31.lean:158:0: 'NullSectorTask31.exists_ordinary_system_not_internalLiftable' depends on axioms: [propext,
 Classical.choice,
 Quot.sound]
info: RequestProject/Spine/E2/Defect/Task31.lean:159:0: 'NullSectorTask31.exists_ordinary_system_internalLiftable' depends on axioms: [propext, Classical.choice, Quot.sound]
info: RequestProject/Spine/E2/Defect/Task31.lean:160:0: 'NullSectorTask31.not_universalInternalLiftability' depends on axioms: [propext, Classical.choice, Quot.sound]
info: RequestProject/Spine/E2/Defect/Task31.lean:161:0: 'NullSectorTask31.internalLiftability_is_genuinely_global' depends on axioms: [propext, Classical.choice, Quot.sound]
info: RequestProject/Spine/E2/Defect/Task31.lean:162:0: 'NullSectorTask31.adjShift_one' depends on axioms: [propext, Classical.choice, Quot.sound]
info: RequestProject/Spine/E2/Defect/Task31.lean:163:0: 'NullSectorTask31.adjShift_comp' depends on axioms: [propext, Classical.choice, Quot.sound]
info: RequestProject/Spine/E2/Defect/Task31.lean:164:0: 'NullSectorTask31.adjShift_inv_mul' depends on axioms: [propext, Classical.choice, Quot.sound]
info: RequestProject/Spine/E2/Defect/Task31.lean:165:0: 'NullSectorTask31.defectEquivalent_refl' depends on axioms: [propext, Classical.choice, Quot.sound]
info: RequestProject/Spine/E2/Defect/Task31.lean:166:0: 'NullSectorTask31.defectEquivalent_symm' depends on axioms: [propext, Classical.choice, Quot.sound]
info: RequestProject/Spine/E2/Defect/Task31.lean:167:0: 'NullSectorTask31.defectEquivalent_trans' depends on axioms: [propext, Classical.choice, Quot.sound]
info: RequestProject/Spine/E2/Defect/Task31.lean:168:0: 'NullSectorTask31.defectSetoid' depends on axioms: [propext, Classical.choice, Quot.sound]
info: RequestProject/Spine/E2/Defect/Task31.lean:169:0: 'NullSectorTask31.defectState' depends on axioms: [propext, Classical.choice, Quot.sound]
info: RequestProject/Spine/E2/Defect/Task31.lean:170:0: 'NullSectorTask31.neutralDefectState' depends on axioms: [propext, Classical.choice, Quot.sound]
info: RequestProject/Spine/E2/Defect/Task31.lean:171:0: 'NullSectorTask31.isNeutralDefectState_iff_equivalent' depends on axioms: [propext, Classical.choice, Quot.sound]
info: RequestProject/Spine/E2/Defect/Task31.lean:172:0: 'NullSectorTask31.isNeutralDefectState_iff_canTrivialise' depends on axioms: [propext, Classical.choice, Quot.sound]
info: RequestProject/Spine/E2/Defect/Task31.lean:173:0: 'NullSectorTask31.isNeutralDefectState_rep_choice_independent' depends on axioms: [propext,
 Classical.choice,
 Quot.sound]
info: RequestProject/Spine/E2/Defect/Task31.lean:174:0: 'NullSectorTask31.isNeutralDefectState_gauge_independent' depends on axioms: [propext, Classical.choice, Quot.sound]
info: RequestProject/Spine/E2/Defect/Task31.lean:175:0: 'NullSectorTask31.isNeutralDefectState_refinement_independent' depends on axioms: [propext,
 Classical.choice,
 Quot.sound]
info: RequestProject/Spine/E2/Defect/Task31.lean:176:0: 'NullSectorTask31.isNeutralGlobalKernelDefect_iff_exists' depends on axioms: [propext, Classical.choice, Quot.sound]
info: RequestProject/Spine/E2/Defect/Task31.lean:177:0: 'NullSectorTask31.isNeutralGlobalKernelDefect_iff_canonical' depends on axioms: [propext, Classical.choice, Quot.sound]
info: RequestProject/Spine/E2/Defect/Task31.lean:178:0: 'NullSectorTask31.internalLiftable_iff_globalKernelDefect_neutral' depends on axioms: [propext,
 Classical.choice,
 Quot.sound]
info: RequestProject/Spine/E2/Defect/Task31.lean:179:0: 'NullSectorTask31.globalKernelDefect_neutral_iff_canTrivialiseSimultaneously' depends on axioms: [propext,
 Classical.choice,
 Quot.sound]
info: RequestProject/Spine/E2/Defect/Task31.lean:180:0: 'NullSectorTask31.goodSystem_isNeutralGlobalKernelDefect' depends on axioms: [propext, Classical.choice, Quot.sound]
info: RequestProject/Spine/E2/Defect/Task31.lean:181:0: 'NullSectorTask31.badSystem_not_isNeutralGlobalKernelDefect' depends on axioms: [propext, Classical.choice, Quot.sound]
info: RequestProject/Spine/E2/Defect/Task31.lean:182:0: 'NullSectorTask31.globalKernelDefect_state_is_nontrivial' depends on axioms: [propext, Classical.choice, Quot.sound]
info: RequestProject/Spine/E2/Defect/Task31.lean:183:0: 'NullSectorTask31.neutralDefect_constructs_globalTwofoldInternalFrameLift' depends on axioms: [propext,
 Classical.choice,
 Quot.sound]
info: RequestProject/Spine/E2/Defect/Task31.lean:184:0: 'NullSectorTask31.globalObject_adaptedCharts_imp_neutralDefect' depends on axioms: [propext,
 Classical.choice,
 Quot.sound]
info: RequestProject/Spine/E2/Defect/Task31.lean:185:0: 'NullSectorTask31.spatial_existence_chain' depends on axioms: [propext, Classical.choice, Quot.sound]
info: RequestProject/Spine/E2/Defect/Task31.lean:186:0: 'NullSectorTask31.spatialClosureVerdict' does not depend on any axioms
info: RequestProject/Spine/E2/Defect/Task31.lean:187:0: 'NullSectorTask31.spatialClosureVerdict_justified' depends on axioms: [propext, Classical.choice, Quot.sound]
info: RequestProject/Spine/E2/Defect/Task31.lean:188:0: 'NullSectorTask31.spatialInternalLiftClosure' depends on axioms: [propext, Classical.choice, Quot.sound]
info: RequestProject/Spine/E2/Defect/Task31.lean:189:0: 'NullSectorTask31.toFrame_in_chartPi' depends on axioms: [propext, Classical.choice, Quot.sound]
info: RequestProject/Spine/E2/Defect/Task31.lean:190:0: 'NullSectorTask31.chartPi_preimage_botSet' depends on axioms: [propext, Classical.choice, Quot.sound]
info: RequestProject/Spine/E2/Defect/Task31.lean:191:0: 'NullSectorTask31.chartTwoSheeted' depends on axioms: [propext, Classical.choice, Quot.sound]
info: RequestProject/Spine/E2/Defect/Task31.lean:192:0: 'NullSectorTask31.chartTwoSheeted_fst' depends on axioms: [propext, Classical.choice, Quot.sound]
info: RequestProject/Spine/E2/Defect/Task31.lean:193:0: 'NullSectorTask31.exists_local_two_sheeted_product' depends on axioms: [propext, Classical.choice, Quot.sound]
info: RequestProject/Spine/E2/Defect/Task31.lean:194:0: 'NullSectorTask31.task27FrameModelSection' depends on axioms: [propext, Classical.choice, Quot.sound]
info: RequestProject/Spine/E2/Defect/Task31.lean:195:0: 'NullSectorTask31.Examples.badFamily' depends on axioms: [propext, Classical.choice, Quot.sound]
info: RequestProject/Spine/E2/Defect/Task31.lean:196:0: 'NullSectorTask31.Examples.badFamily_transition_ft' depends on axioms: [propext, Classical.choice, Quot.sound]
info: RequestProject/Spine/E2/Defect/Task31.lean:197:0: 'NullSectorTask31.Examples.badFamily_not_internalLiftable' depends on axioms: [propext, Classical.choice, Quot.sound]
info: RequestProject/Spine/E2/Defect/Task31.lean:198:0: 'NullSectorTask31.exists_frame_family_not_internalLiftable' depends on axioms: [propext, Classical.choice, Quot.sound]
info: RequestProject/Spine/E2/Defect/Task31.lean:199:0: 'NullSectorTask31.badFamily_not_isNeutralGlobalKernelDefect' depends on axioms: [propext, Classical.choice, Quot.sound]
✔ [8338/8356] Built RequestProject.Spine.E2.AtlasChange.OrdinaryCoverRefinement (7.5s)
✔ [8339/8356] Built RequestProject.Spine.E2.AtlasChange.OrdinaryAtlasEquivalence (7.1s)
✔ [8340/8356] Built RequestProject.Spine.E2.AtlasChange.FamilyLiftability (8.1s)
ℹ [8341/8356] Built RequestProject.Spine.Nerve.Audit.Stage13Axioms (206s)
info: RequestProject/Spine/Nerve/Audit/Stage13Axioms.lean:48:0: 'SpineTask14.skelPiece_bijective' depends on axioms: [propext, Classical.choice, Quot.sound]
info: RequestProject/Spine/Nerve/Audit/Stage13Axioms.lean:49:0: 'SpineTask14.attachExtend' depends on axioms: [propext, Classical.choice, Quot.sound]
info: RequestProject/Spine/Nerve/Audit/Stage13Axioms.lean:50:0: 'SpineTask14.attachExtend_comp_skInc' depends on axioms: [propext, Classical.choice, Quot.sound]
info: RequestProject/Spine/Nerve/Audit/Stage13Axioms.lean:51:0: 'SpineTask14.attachExtend_cell' depends on axioms: [propext, Classical.choice, Quot.sound]
info: RequestProject/Spine/Nerve/Audit/Stage13Axioms.lean:52:0: 'SpineTask14.attachExtend_unique' depends on axioms: [propext, Classical.choice, Quot.sound]
info: RequestProject/Spine/Nerve/Audit/Stage13Axioms.lean:53:0: 'SpineTask14.mem_skeleton_of_not_epi' depends on axioms: [propext, Classical.choice, Quot.sound]
info: RequestProject/Spine/Nerve/Audit/Stage13Axioms.lean:54:0: 'SpineTask14.notMem_skeleton_of_epi' depends on axioms: [propext, Classical.choice, Quot.sound]
info: RequestProject/Spine/Nerve/Audit/Stage13Axioms.lean:57:0: 'SpineTask14.toTop_isPushout' depends on axioms: [propext, Classical.choice, Quot.sound]
info: RequestProject/Spine/Nerve/Audit/Stage13Axioms.lean:60:0: 'SpineTask14.relChainCx' depends on axioms: [propext, Classical.choice, Quot.sound]
info: RequestProject/Spine/Nerve/Audit/Stage13Axioms.lean:61:0: 'SpineTask14.relProj' depends on axioms: [propext, Classical.choice, Quot.sound]
info: RequestProject/Spine/Nerve/Audit/Stage13Axioms.lean:62:0: 'SpineTask14.relSC_shortExact' depends on axioms: [propext, Classical.choice, Quot.sound]
info: RequestProject/Spine/Nerve/Audit/Stage13Axioms.lean:63:0: 'SpineTask14.relSingSC_shortExact' depends on axioms: [propext, Classical.choice, Quot.sound]
info: RequestProject/Spine/Nerve/Audit/Stage13Axioms.lean:64:0: 'SpineTask14.relSimpSC_shortExact' depends on axioms: [propext, Classical.choice, Quot.sound]
info: RequestProject/Spine/Nerve/Audit/Stage13Axioms.lean:65:0: 'SpineTask14.relChainCxMap' depends on axioms: [propext, Classical.choice, Quot.sound]
info: RequestProject/Spine/Nerve/Audit/Stage13Axioms.lean:66:0: 'SpineTask14.relChainCxMap_relProj' depends on axioms: [propext, Classical.choice, Quot.sound]
info: RequestProject/Spine/Nerve/Audit/Stage13Axioms.lean:69:0: 'SpineTask14.pairDelta' depends on axioms: [propext, Classical.choice, Quot.sound]
info: RequestProject/Spine/Nerve/Audit/Stage13Axioms.lean:70:0: 'SpineTask14.pair_exact₁' depends on axioms: [propext, Classical.choice, Quot.sound]
info: RequestProject/Spine/Nerve/Audit/Stage13Axioms.lean:71:0: 'SpineTask14.pair_exact₂' depends on axioms: [propext, Classical.choice, Quot.sound]
info: RequestProject/Spine/Nerve/Audit/Stage13Axioms.lean:72:0: 'SpineTask14.pair_exact₃' depends on axioms: [propext, Classical.choice, Quot.sound]
info: RequestProject/Spine/Nerve/Audit/Stage13Axioms.lean:73:0: 'SpineTask14.pairDelta_naturality' depends on axioms: [propext, Classical.choice, Quot.sound]
info: RequestProject/Spine/Nerve/Audit/Stage13Axioms.lean:76:0: 'SpineTask14.mono_homologyMap_τ₂' depends on axioms: [propext, Classical.choice, Quot.sound]
info: RequestProject/Spine/Nerve/Audit/Stage13Axioms.lean:77:0: 'SpineTask14.epi_homologyMap_τ₂' depends on axioms: [propext, Classical.choice, Quot.sound]
info: RequestProject/Spine/Nerve/Audit/Stage13Axioms.lean:78:0: 'SpineTask14.isIso_homologyMap_τ₂' depends on axioms: [propext, Classical.choice, Quot.sound]
info: RequestProject/Spine/Nerve/Audit/Stage13Axioms.lean:79:0: 'SpineTask14.quasiIso_τ₂' depends on axioms: [propext, Classical.choice, Quot.sound]
info: RequestProject/Spine/Nerve/Audit/Stage13Axioms.lean:82:0: 'SpineTask14.relJ' depends on axioms: [propext, Classical.choice, Quot.sound]
info: RequestProject/Spine/Nerve/Audit/Stage13Axioms.lean:83:0: 'SpineTask14.relJ_tau₂' depends on axioms: [propext, Classical.choice, Quot.sound]
info: RequestProject/Spine/Nerve/Audit/Stage13Axioms.lean:84:0: 'SpineTask14.relJ_generator' depends on axioms: [propext, Classical.choice, Quot.sound]
info: RequestProject/Spine/Nerve/Audit/Stage13Axioms.lean:85:0: 'SpineTask14.unit_skeletal_square' depends on axioms: [propext, Classical.choice, Quot.sound]
info: RequestProject/Spine/Nerve/Audit/Stage13Axioms.lean:88:0: 'SpineTask14.oneSkeletonStep' depends on axioms: [propext, Classical.choice, Quot.sound]
info: RequestProject/Spine/Nerve/Audit/Stage13Axioms.lean:89:0: 'SpineTask14.oneSkeletonStep_of_blockers' depends on axioms: [propext, Classical.choice, Quot.sound]
info: RequestProject/Spine/Nerve/Audit/Stage13Axioms.lean:92:0: 'SpineTask14.nakahara_filled_triangle' depends on axioms: [propext, Classical.choice, Quot.sound]
info: RequestProject/Spine/Nerve/Audit/Stage13Axioms.lean:93:0: 'SpineTask14.nakahara_circle_nontrivial' depends on axioms: [propext, Classical.choice, Quot.sound]
info: RequestProject/Spine/Nerve/Audit/Stage13Axioms.lean:94:0: 'SpineTask14.relChain_self_subsingleton' depends on axioms: [propext, Classical.choice, Quot.sound]
info: RequestProject/Spine/Nerve/Audit/Stage13Axioms.lean:95:0: 'SpineTask14.cellIndexTopEquiv' depends on axioms: [propext, Classical.choice, Quot.sound]
info: RequestProject/Spine/Nerve/Audit/Stage13Axioms.lean:104:0: 'SpineTask16.supp_nonempty' depends on axioms: [propext, Classical.choice, Quot.sound]
info: RequestProject/Spine/Nerve/Audit/Stage13Axioms.lean:105:0: 'SpineTask16.supp_map' depends on axioms: [propext, Classical.choice, Quot.sound]
info: RequestProject/Spine/Nerve/Audit/Stage13Axioms.lean:106:0: 'SpineTask16.map_restrict' depends on axioms: [propext, Classical.choice, Quot.sound]
info: RequestProject/Spine/Nerve/Audit/Stage13Axioms.lean:109:0: 'SpineTask16.exists_representative' depends on axioms: [propext, Classical.choice, Quot.sound]
info: RequestProject/Spine/Nerve/Audit/Stage13Axioms.lean:112:0: 'SpineTask16.coord' depends on axioms: [propext, Classical.choice, Quot.sound]
info: RequestProject/Spine/Nerve/Audit/Stage13Axioms.lean:113:0: 'SpineTask16.coord_naturality' depends on axioms: [propext, Classical.choice, Quot.sound]
info: RequestProject/Spine/Nerve/Audit/Stage13Axioms.lean:116:0: 'SpineTask16.faceMap' depends on axioms: [propext, Classical.choice, Quot.sound]
info: RequestProject/Spine/Nerve/Audit/Stage13Axioms.lean:117:0: 'SpineTask16.subFaceMap_comp_ι' depends on axioms: [propext, Classical.choice, Quot.sound]
info: RequestProject/Spine/Nerve/Audit/Stage13Axioms.lean:118:0: 'SpineTask16.faceMap_comp_ι' depends on axioms: [propext, Classical.choice, Quot.sound]
info: RequestProject/Spine/Nerve/Audit/Stage13Axioms.lean:119:0: 'SpineTask16.bdCoord_faceMap' depends on axioms: [propext, Classical.choice, Quot.sound]
info: RequestProject/Spine/Nerve/Audit/Stage13Axioms.lean:122:0: 'SpineTask16.subNormalForm' depends on axioms: [propext, Classical.choice, Quot.sound]
info: RequestProject/Spine/Nerve/Audit/Stage13Axioms.lean:123:0: 'SpineTask16.normalForm' depends on axioms: [propext, Classical.choice, Quot.sound]
info: RequestProject/Spine/Nerve/Audit/Stage13Axioms.lean:126:0: 'SpineTask16.subcomplexMono' depends on axioms: [propext, Classical.choice, Quot.sound]
info: RequestProject/Spine/Nerve/Audit/Stage13Axioms.lean:127:0: 'SpineTask16.standardCellMono' depends on axioms: [propext, Classical.choice, Quot.sound]
info: RequestProject/Spine/Nerve/Audit/Stage13Axioms.lean:130:0: 'SpineTask16.range_bdCoord' depends on axioms: [propext, Classical.choice, Quot.sound]
info: RequestProject/Spine/Nerve/Audit/Stage13Axioms.lean:131:0: 'SpineTask16.realized_boundary_eq_iUnion_faces' depends on axioms: [propext, Classical.choice, Quot.sound]
info: RequestProject/Spine/Nerve/Audit/Stage13Axioms.lean:132:0: 'SpineTask16.compl_range_bdCoord' depends on axioms: [propext, Classical.choice, Quot.sound]
info: RequestProject/Spine/Nerve/Audit/Stage13Axioms.lean:133:0: 'SpineTask16.range_realization_boundary' depends on axioms: [propext, Classical.choice, Quot.sound]
info: RequestProject/Spine/Nerve/Audit/Stage13Axioms.lean:136:0: 'SpineTask16.realization_skInc_injective' depends on axioms: [propext, Classical.choice, Quot.sound]
info: RequestProject/Spine/Nerve/Audit/Stage13Axioms.lean:137:0: 'SpineTask16.realizationInjective' depends on axioms: [propext, Classical.choice, Quot.sound]
info: RequestProject/Spine/Nerve/Audit/Stage13Axioms.lean:138:0: 'SpineTask16.oneSkeletonStep' depends on axioms: [propext, Classical.choice, Quot.sound]
info: RequestProject/Spine/Nerve/Audit/Stage13Axioms.lean:139:0: 'SpineTask16.skeletalInduction' depends on axioms: [propext, Classical.choice, Quot.sound]
info: RequestProject/Spine/Nerve/Audit/Stage13Axioms.lean:140:0: 'SpineTask16.finiteDimensional_homologyIso' depends on axioms: [propext, Classical.choice, Quot.sound]
info: RequestProject/Spine/Nerve/Audit/Stage13Axioms.lean:143:0: 'SpineTask16.boundaryZero_realization_isEmpty' depends on axioms: [propext, Classical.choice, Quot.sound]
info: RequestProject/Spine/Nerve/Audit/Stage13Axioms.lean:144:0: 'SpineTask16.boundaryOne_eq_vertex' depends on axioms: [propext, Classical.choice, Quot.sound]
info: RequestProject/Spine/Nerve/Audit/Stage13Axioms.lean:153:0: 'SpineTask17.simplexHomeo' depends on axioms: [propext, Classical.choice, Quot.sound]
info: RequestProject/Spine/Nerve/Audit/Stage13Axioms.lean:154:0: 'SpineTask17.coe_simplexHomeo' depends on axioms: [propext, Classical.choice, Quot.sound]
info: RequestProject/Spine/Nerve/Audit/Stage13Axioms.lean:155:0: 'SpineTask17.simplexHomeo_naturality' depends on axioms: [propext, Classical.choice, Quot.sound]
info: RequestProject/Spine/Nerve/Audit/Stage13Axioms.lean:156:0: 'SpineTask17.simplexHomeo_vertex' depends on axioms: [propext, Classical.choice, Quot.sound]
info: RequestProject/Spine/Nerve/Audit/Stage13Axioms.lean:159:0: 'SpineTask17.contractibleSpace_realized_simplex' depends on axioms: [propext, Classical.choice, Quot.sound]
info: RequestProject/Spine/Nerve/Audit/Stage13Axioms.lean:162:0: 'SpineTask17.subCover_surjective' depends on axioms: [propext, Classical.choice, Quot.sound]
info: RequestProject/Spine/Nerve/Audit/Stage13Axioms.lean:163:0: 'SpineTask17.compactSpace_realized_subcomplex' depends on axioms: [propext, Classical.choice, Quot.sound]
info: RequestProject/Spine/Nerve/Audit/Stage13Axioms.lean:164:0: 'SpineTask17.isClosedEmbedding_subCoord' depends on axioms: [propext, Classical.choice, Quot.sound]
info: RequestProject/Spine/Nerve/Audit/Stage13Axioms.lean:165:0: 'SpineTask17.isClosedEmbedding_realization_subcomplex' depends on axioms: [propext, Classical.choice, Quot.sound]
info: RequestProject/Spine/Nerve/Audit/Stage13Axioms.lean:166:0: 'SpineTask17.isClosedEmbedding_bdCoord' depends on axioms: [propext, Classical.choice, Quot.sound]
info: RequestProject/Spine/Nerve/Audit/Stage13Axioms.lean:167:0: 'SpineTask17.isClosedEmbedding_realization_boundary' depends on axioms: [propext, Classical.choice, Quot.sound]
info: RequestProject/Spine/Nerve/Audit/Stage13Axioms.lean:168:0: 'SpineTask17.isOpen_compl_realized_boundary' depends on axioms: [propext, Classical.choice, Quot.sound]
info: RequestProject/Spine/Nerve/Audit/Stage13Axioms.lean:171:0: 'SpineTask17.boundaryHomeo' depends on axioms: [propext, Classical.choice, Quot.sound]
info: RequestProject/Spine/Nerve/Audit/Stage13Axioms.lean:172:0: 'SpineTask17.coe_boundaryHomeo' depends on axioms: [propext, Classical.choice, Quot.sound]
info: RequestProject/Spine/Nerve/Audit/Stage13Axioms.lean:175:0: 'SpineTask17.boundaryZero_isEmpty' depends on axioms: [propext, Classical.choice, Quot.sound]
info: RequestProject/Spine/Nerve/Audit/Stage13Axioms.lean:176:0: 'SpineTask17.boundaryOneHomeo' depends on axioms: [propext, Classical.choice, Quot.sound]
info: RequestProject/Spine/Nerve/Audit/Stage13Axioms.lean:179:0: 'SpineTask17.finrank_hyper' depends on axioms: [propext, Classical.choice, Quot.sound]
info: RequestProject/Spine/Nerve/Audit/Stage13Axioms.lean:180:0: 'SpineTask17.simplexGauge_sub_bary' depends on axioms: [propext, Classical.choice, Quot.sound]
info: RequestProject/Spine/Nerve/Audit/Stage13Axioms.lean:181:0: 'SpineTask17.simplexPoint_sphereMap' depends on axioms: [propext, Classical.choice, Quot.sound]
info: RequestProject/Spine/Nerve/Audit/Stage13Axioms.lean:182:0: 'SpineTask17.sphereMap_simplexPoint' depends on axioms: [propext, Classical.choice, Quot.sound]
info: RequestProject/Spine/Nerve/Audit/Stage13Axioms.lean:183:0: 'SpineTask17.bdLocusSphereHomeo' depends on axioms: [propext, Classical.choice, Quot.sound]
info: RequestProject/Spine/Nerve/Audit/Stage13Axioms.lean:184:0: 'SpineTask17.boundaryRealizationSphereHomeo' depends on axioms: [propext, Classical.choice, Quot.sound]
info: RequestProject/Spine/Nerve/Audit/Stage13Axioms.lean:193:0: 'SpineTask18.cobd_cobd' depends on axioms: [propext, Classical.choice, Quot.sound]
info: RequestProject/Spine/Nerve/Audit/Stage13Axioms.lean:194:0: 'SpineTask18.lbd_prismChain' depends on axioms: [propext, Classical.choice, Quot.sound]
info: RequestProject/Spine/Nerve/Audit/Stage13Axioms.lean:195:0: 'SpineTask18.realizeP_lbd' depends on axioms: [propext, Classical.choice, Quot.sound]
info: RequestProject/Spine/Nerve/Audit/Stage13Axioms.lean:196:0: 'SpineTask18.singBd_prismSimp_succ' depends on axioms: [propext, Classical.choice, Quot.sound]
info: RequestProject/Spine/Nerve/Audit/Stage13Axioms.lean:197:0: 'SpineTask18.singBd_prismSimp_zero' depends on axioms: [propext, Classical.choice, Quot.sound]
info: RequestProject/Spine/Nerve/Audit/Stage13Axioms.lean:198:0: 'SpineTask18.prism_identity_succ' depends on axioms: [propext, Classical.choice, Quot.sound]
info: RequestProject/Spine/Nerve/Audit/Stage13Axioms.lean:199:0: 'SpineTask18.prism_identity_zero' depends on axioms: [propext, Classical.choice, Quot.sound]
info: RequestProject/Spine/Nerve/Audit/Stage13Axioms.lean:200:0: 'SpineTask18.prismHomotopy' depends on axioms: [propext, Classical.choice, Quot.sound]
info: RequestProject/Spine/Nerve/Audit/Stage13Axioms.lean:201:0: 'SpineTask18.homologyMap_eq_of_prism' depends on axioms: [propext, Classical.choice, Quot.sound]
info: RequestProject/Spine/Nerve/Audit/Stage13Axioms.lean:204:0: 'SpineTask18.exists_boundary_of_cycle' depends on axioms: [propext, Classical.choice, Quot.sound]
info: RequestProject/Spine/Nerve/Audit/Stage13Axioms.lean:205:0: 'SpineTask18.exactAt_singCx_of_contractible' depends on axioms: [propext, Classical.choice, Quot.sound]
info: RequestProject/Spine/Nerve/Audit/Stage13Axioms.lean:206:0: 'SpineTask18.isZero_homology_of_contractible' depends on axioms: [propext, Classical.choice, Quot.sound]
info: RequestProject/Spine/Nerve/Audit/Stage13Axioms.lean:207:0: 'SpineTask18.isZero_homology_realized_simplex' depends on axioms: [propext, Classical.choice, Quot.sound]
info: RequestProject/Spine/Nerve/Audit/Stage13Axioms.lean:210:0: 'SpineTask18.sdS_chain_map' depends on axioms: [propext, Classical.choice, Quot.sound]
info: RequestProject/Spine/Nerve/Audit/Stage13Axioms.lean:211:0: 'SpineTask18.sdS_natural' depends on axioms: [propext, Classical.choice, Quot.sound]
info: RequestProject/Spine/Nerve/Audit/Stage13Axioms.lean:212:0: 'SpineTask18.carrier_sdS' depends on axioms: [propext, Classical.choice, Quot.sound]
info: RequestProject/Spine/Nerve/Audit/Stage13Axioms.lean:213:0: 'SpineTask18.carrier_sdTS' depends on axioms: [propext, Classical.choice, Quot.sound]
info: RequestProject/Spine/Nerve/Audit/Stage13Axioms.lean:216:0: 'SpineTask18.sdTS_homotopy' depends on axioms: [propext, Classical.choice, Quot.sound]
info: RequestProject/Spine/Nerve/Audit/Stage13Axioms.lean:217:0: 'SpineTask18.homN_homotopy' depends on axioms: [propext, Classical.choice, Quot.sound]
info: RequestProject/Spine/Nerve/Audit/Stage13Axioms.lean:218:0: 'SpineTask18.homN_smallChains' depends on axioms: [propext, Classical.choice, Quot.sound]
info: RequestProject/Spine/Nerve/Audit/Stage13Axioms.lean:221:0: 'SpineTask18.smallSSet' depends on axioms: [propext, Classical.choice, Quot.sound]
info: RequestProject/Spine/Nerve/Audit/Stage13Axioms.lean:222:0: 'SpineTask18.range_smallInc_chainMap' depends on axioms: [propext, Classical.choice, Quot.sound]
info: RequestProject/Spine/Nerve/Audit/Stage13Axioms.lean:223:0: 'SpineTask18.sdS_smallChains' depends on axioms: [propext, Classical.choice, Quot.sound]
info: RequestProject/Spine/Nerve/Audit/Stage13Axioms.lean:224:0: 'SpineTask18.sdTS_smallChains' depends on axioms: [propext, Classical.choice, Quot.sound]
info: RequestProject/Spine/Nerve/Audit/Stage13Axioms.lean:227:0: 'SpineTask18.sd_support_mesh' depends on axioms: [propext, Classical.choice, Quot.sound]
info: RequestProject/Spine/Nerve/Audit/Stage13Axioms.lean:228:0: 'SpineTask18.chainMesh_sdIter' depends on axioms: [propext, Classical.choice, Quot.sound]
info: RequestProject/Spine/Nerve/Audit/Stage13Axioms.lean:229:0: 'SpineTask18.exists_iterate_small' depends on axioms: [propext, Classical.choice, Quot.sound]
info: RequestProject/Spine/Nerve/Audit/Stage13Axioms.lean:230:0: 'SpineTask18.exists_iterate_small_chain' depends on axioms: [propext, Classical.choice, Quot.sound]
info: RequestProject/Spine/Nerve/Audit/Stage13Axioms.lean:233:0: 'SpineTask18.relSmall_exactAt' depends on axioms: [propext, Classical.choice, Quot.sound]
info: RequestProject/Spine/Nerve/Audit/Stage13Axioms.lean:234:0: 'SpineTask18.isZero_relSmall_homology' depends on axioms: [propext, Classical.choice, Quot.sound]
info: RequestProject/Spine/Nerve/Audit/Stage13Axioms.lean:235:0: 'SpineTask18.isIso_homologyMap_smallInc' depends on axioms: [propext, Classical.choice, Quot.sound]
info: RequestProject/Spine/Nerve/Audit/Stage13Axioms.lean:236:0: 'SpineTask18.quasiIso_smallInc' depends on axioms: [propext, Classical.choice, Quot.sound]
info: RequestProject/Spine/Nerve/Audit/Stage13Axioms.lean:239:0: 'SpineTask18.excPsi_isIso' depends on axioms: [propext, Classical.choice, Quot.sound]
info: RequestProject/Spine/Nerve/Audit/Stage13Axioms.lean:240:0: 'SpineTask18.excSC_shortExact' depends on axioms: [propext, Classical.choice, Quot.sound]
info: RequestProject/Spine/Nerve/Audit/Stage13Axioms.lean:241:0: 'SpineTask18.excisionMap_factor' depends on axioms: [propext, Classical.choice, Quot.sound]
info: RequestProject/Spine/Nerve/Audit/Stage13Axioms.lean:242:0: 'SpineTask18.isIso_homologyMap_excAlpha' depends on axioms: [propext, Classical.choice, Quot.sound]
info: RequestProject/Spine/Nerve/Audit/Stage13Axioms.lean:243:0: 'SpineTask18.isIso_homologyMap_excisionMap' depends on axioms: [propext, Classical.choice, Quot.sound]
info: RequestProject/Spine/Nerve/Audit/Stage13Axioms.lean:244:0: 'SpineTask18.excisionIso' depends on axioms: [propext, Classical.choice, Quot.sound]
info: RequestProject/Spine/Nerve/Audit/Stage13Axioms.lean:254:0: 'SpineTask19.h0Equiv' depends on axioms: [propext, Classical.choice, Quot.sound]
info: RequestProject/Spine/Nerve/Audit/Stage13Axioms.lean:255:0: 'SpineTask19.ptCls_ne_zero' depends on axioms: [propext, Classical.choice, Quot.sound]
info: RequestProject/Spine/Nerve/Audit/Stage13Axioms.lean:256:0: 'SpineTask19.augH' depends on axioms: [propext, Classical.choice, Quot.sound]
info: RequestProject/Spine/Nerve/Audit/Stage13Axioms.lean:257:0: 'SpineTask19.isZero_homology_td' depends on axioms: [propext, Classical.choice, Quot.sound]
info: RequestProject/Spine/Nerve/Audit/Stage13Axioms.lean:258:0: 'SpineTask19.h0_two_spanning' depends on axioms: [propext, Classical.choice, Quot.sound]
info: RequestProject/Spine/Nerve/Audit/Stage13Axioms.lean:259:0: 'SpineTask19.h0_two_indep' depends on axioms: [propext, Classical.choice, Quot.sound]
info: RequestProject/Spine/Nerve/Audit/Stage13Axioms.lean:260:0: 'SpineTask19.h0TwoEquiv' depends on axioms: [propext, Classical.choice, Quot.sound]
info: RequestProject/Spine/Nerve/Audit/Stage13Axioms.lean:261:0: 'SpineTask19.twoPointMap_bijective' depends on axioms: [propext, Classical.choice, Quot.sound]
info: RequestProject/Spine/Nerve/Audit/Stage13Axioms.lean:262:0: 'SpineTask19.augH_natural' depends on axioms: [propext, Classical.choice, Quot.sound]
info: RequestProject/Spine/Nerve/Audit/Stage13Axioms.lean:263:0: 'SpineTask19.Hred0' depends on axioms: [propext, Classical.choice, Quot.sound]
info: RequestProject/Spine/Nerve/Audit/Stage13Axioms.lean:264:0: 'SpineTask19.Hred0_eq_bot' depends on axioms: [propext, Classical.choice, Quot.sound]
info: RequestProject/Spine/Nerve/Audit/Stage13Axioms.lean:265:0: 'SpineTask19.hred0TwoEquiv' depends on axioms: [propext, Classical.choice, Quot.sound]
info: RequestProject/Spine/Nerve/Audit/Stage13Axioms.lean:266:0: 'SpineTask19.ker_homologyMap_zero_eq_Hred0' depends on axioms: [propext, Classical.choice, Quot.sound]
info: RequestProject/Spine/Nerve/Audit/Stage13Axioms.lean:270:0: 'SpineTask19.isIso_pProj' depends on axioms: [propext, Classical.choice, Quot.sound]
info: RequestProject/Spine/Nerve/Audit/Stage13Axioms.lean:271:0: 'SpineTask19.isIso_pProj_one' depends on axioms: [propext, Classical.choice, Quot.sound]
info: RequestProject/Spine/Nerve/Audit/Stage13Axioms.lean:272:0: 'SpineTask19.isIso_pairDelta' depends on axioms: [propext, Classical.choice, Quot.sound]
info: RequestProject/Spine/Nerve/Audit/Stage13Axioms.lean:273:0: 'SpineTask19.range_pairDelta' depends on axioms: [propext, Classical.choice, Quot.sound]
info: RequestProject/Spine/Nerve/Audit/Stage13Axioms.lean:274:0: 'SpineTask19.mvIsoSucc' depends on axioms: [propext, Classical.choice, Quot.sound]
info: RequestProject/Spine/Nerve/Audit/Stage13Axioms.lean:275:0: 'SpineTask19.mvIsoOne' depends on axioms: [propext, Classical.choice, Quot.sound]
info: RequestProject/Spine/Nerve/Audit/Stage13Axioms.lean:276:0: 'SpineTask19.mv_mono_delta_one' depends on axioms: [propext, Classical.choice, Quot.sound]
info: RequestProject/Spine/Nerve/Audit/Stage13Axioms.lean:277:0: 'SpineTask19.mv_range_delta_one' depends on axioms: [propext, Classical.choice, Quot.sound]
info: RequestProject/Spine/Nerve/Audit/Stage13Axioms.lean:278:0: 'SpineTask19.mvOneEquiv' depends on axioms: [propext, Classical.choice, Quot.sound]
info: RequestProject/Spine/Nerve/Audit/Stage13Axioms.lean:282:0: 'SpineTask19.contractibleSpace_Uset' depends on axioms: [propext, Classical.choice, Quot.sound]
info: RequestProject/Spine/Nerve/Audit/Stage13Axioms.lean:283:0: 'SpineTask19.contractibleSpace_Vset' depends on axioms: [propext, Classical.choice, Quot.sound]
info: RequestProject/Spine/Nerve/Audit/Stage13Axioms.lean:284:0: 'SpineTask19.Uset_union_Vset' depends on axioms: [propext, Classical.choice, Quot.sound]
info: RequestProject/Spine/Nerve/Audit/Stage13Axioms.lean:285:0: 'SpineTask19.interSphereHomotopyEquiv' depends on axioms: [propext, Classical.choice, Quot.sound]
info: RequestProject/Spine/Nerve/Audit/Stage13Axioms.lean:286:0: 'SpineTask19.bdU_union_bdV' depends on axioms: [propext, Classical.choice, Quot.sound]
info: RequestProject/Spine/Nerve/Audit/Stage13Axioms.lean:287:0: 'SpineTask19.bdInterHomotopyEquiv' depends on axioms: [propext, Classical.choice, Quot.sound]
info: RequestProject/Spine/Nerve/Audit/Stage13Axioms.lean:291:0: 'SpineTask19.isZero_homology_of_isEmpty' depends on axioms: [propext, Classical.choice, Quot.sound]
info: RequestProject/Spine/Nerve/Audit/Stage13Axioms.lean:292:0: 'SpineTask19.isLine_Hred0_Bd_one' depends on axioms: [propext, Classical.choice, Quot.sound]
info: RequestProject/Spine/Nerve/Audit/Stage13Axioms.lean:293:0: 'SpineTask19.bdIsoSucc' depends on axioms: [propext, Classical.choice, Quot.sound]
info: RequestProject/Spine/Nerve/Audit/Stage13Axioms.lean:294:0: 'SpineTask19.bdEquivOne' depends on axioms: [propext, Classical.choice, Quot.sound]
info: RequestProject/Spine/Nerve/Audit/Stage13Axioms.lean:295:0: 'SpineTask19.sphere_homology' depends on axioms: [propext, Classical.choice, Quot.sound]
info: RequestProject/Spine/Nerve/Audit/Stage13Axioms.lean:296:0: 'SpineTask19.bd_isZero' depends on axioms: [propext, Classical.choice, Quot.sound]
info: RequestProject/Spine/Nerve/Audit/Stage13Axioms.lean:297:0: 'SpineTask19.bd_isLine_top' depends on axioms: [propext, Classical.choice, Quot.sound]
info: RequestProject/Spine/Nerve/Audit/Stage13Axioms.lean:298:0: 'SpineTask19.bd_isLine_zero' depends on axioms: [propext, Classical.choice, Quot.sound]
info: RequestProject/Spine/Nerve/Audit/Stage13Axioms.lean:302:0: 'SpineTask19.lineGen' depends on axioms: [propext, Classical.choice, Quot.sound]
info: RequestProject/Spine/Nerve/Audit/Stage13Axioms.lean:303:0: 'SpineTask19.eq_lineGen_of_ne_zero' depends on axioms: [propext, Classical.choice, Quot.sound]
info: RequestProject/Spine/Nerve/Audit/Stage13Axioms.lean:304:0: 'SpineTask19.bdFundClass' depends on axioms: [propext, Classical.choice, Quot.sound]
info: RequestProject/Spine/Nerve/Audit/Stage13Axioms.lean:305:0: 'SpineTask19.bdFundClass_ne_zero' depends on axioms: [propext, Classical.choice, Quot.sound]
info: RequestProject/Spine/Nerve/Audit/Stage13Axioms.lean:306:0: 'SpineTask19.bdIsoSucc_bdFundClass' depends on axioms: [propext, Classical.choice, Quot.sound]
info: RequestProject/Spine/Nerve/Audit/Stage13Axioms.lean:307:0: 'SpineTask19.bdEquivOne_bdFundClass' depends on axioms: [propext, Classical.choice, Quot.sound]
info: RequestProject/Spine/Nerve/Audit/Stage13Axioms.lean:311:0: 'SpineTask19.relIsoBd' depends on axioms: [propext, Classical.choice, Quot.sound]
info: RequestProject/Spine/Nerve/Audit/Stage13Axioms.lean:312:0: 'SpineTask19.relEquivOneBd' depends on axioms: [propext, Classical.choice, Quot.sound]
info: RequestProject/Spine/Nerve/Audit/Stage13Axioms.lean:313:0: 'SpineTask19.isZero_rel_zero' depends on axioms: [propext, Classical.choice, Quot.sound]
info: RequestProject/Spine/Nerve/Audit/Stage13Axioms.lean:314:0: 'SpineTask19.standardCellPairAcyclic' depends on axioms: [propext, Classical.choice, Quot.sound]
info: RequestProject/Spine/Nerve/Audit/Stage13Axioms.lean:315:0: 'SpineTask19.isLine_relHomology_top' depends on axioms: [propext, Classical.choice, Quot.sound]
info: RequestProject/Spine/Nerve/Audit/Stage13Axioms.lean:316:0: 'SpineTask19.standardCellPairTop' depends on axioms: [propext, Classical.choice, Quot.sound]
info: RequestProject/Spine/Nerve/Audit/Stage13Axioms.lean:320:0: 'SpineTask19.stdCellTopClass' depends on axioms: [propext, Classical.choice, Quot.sound]
info: RequestProject/Spine/Nerve/Audit/Stage13Axioms.lean:321:0: 'SpineTask19.stdCellTopClass_ne_zero' depends on axioms: [propext, Classical.choice, Quot.sound]
info: RequestProject/Spine/Nerve/Audit/Stage13Axioms.lean:322:0: 'SpineTask19.eq_zero_or_eq_stdCellTopClass' depends on axioms: [propext, Classical.choice, Quot.sound]
info: RequestProject/Spine/Nerve/Audit/Stage13Axioms.lean:323:0: 'SpineTask19.stdCellTopEquiv' depends on axioms: [propext, Classical.choice, Quot.sound]
info: RequestProject/Spine/Nerve/Audit/Stage13Axioms.lean:324:0: 'SpineTask19.stdCellTopEquiv_stdCellTopClass' depends on axioms: [propext, Classical.choice, Quot.sound]
info: RequestProject/Spine/Nerve/Audit/Stage13Axioms.lean:325:0: 'SpineTask19.pairDelta_stdCellTopClass_succ' depends on axioms: [propext, Classical.choice, Quot.sound]
info: RequestProject/Spine/Nerve/Audit/Stage13Axioms.lean:326:0: 'SpineTask19.pairDelta_stdCellTopClass_one' depends on axioms: [propext, Classical.choice, Quot.sound]
info: RequestProject/Spine/Nerve/Audit/Stage13Axioms.lean:327:0: 'SpineTask19.charSimp' depends on axioms: [propext, Classical.choice, Quot.sound]
info: RequestProject/Spine/Nerve/Audit/Stage13Axioms.lean:328:0: 'SpineTask19.charChain_boundary' depends on axioms: [propext, Classical.choice, Quot.sound]
info: RequestProject/Spine/Nerve/Audit/Stage13Axioms.lean:329:0: 'SpineTask19.relCharChain_mem_Zc' depends on axioms: [propext, Classical.choice, Quot.sound]
info: RequestProject/Spine/Nerve/Audit/Stage13Axioms.lean:330:0: 'SpineTask19.stdCellGenerator' depends on axioms: [propext, Classical.choice, Quot.sound]
info: RequestProject/Spine/Nerve/Audit/Stage13Axioms.lean:331:0: 'SpineTask19.stdCellGenerator_zero_ne_zero' depends on axioms: [propext, Classical.choice, Quot.sound]
info: RequestProject/Spine/Nerve/Audit/Stage13Axioms.lean:332:0: 'SpineTask19.stdCellGenerator_zero_eq' depends on axioms: [propext, Classical.choice, Quot.sound]
info: RequestProject/Spine/Nerve/Audit/Stage13Axioms.lean:342:0: 'SpineTask20.barPt' depends on axioms: [propext, Classical.choice, Quot.sound]
info: RequestProject/Spine/Nerve/Audit/Stage13Axioms.lean:343:0: 'SpineTask20.vtx0' depends on axioms: [propext, Classical.choice, Quot.sound]
info: RequestProject/Spine/Nerve/Audit/Stage13Axioms.lean:344:0: 'SpineTask20.barPt_ne_vtx0' depends on axioms: [propext, Classical.choice, Quot.sound]
info: RequestProject/Spine/Nerve/Audit/Stage13Axioms.lean:345:0: 'SpineTask20.eq_vtx0_of_apply_zero_eq_one' depends on axioms: [propext, Classical.choice, Quot.sound]
info: RequestProject/Spine/Nerve/Audit/Stage13Axioms.lean:346:0: 'SpineTask20.coordRetr' depends on axioms: [propext, Classical.choice, Quot.sound]
info: RequestProject/Spine/Nerve/Audit/Stage13Axioms.lean:347:0: 'SpineTask20.continuous_coordRetr' depends on axioms: [propext, Classical.choice, Quot.sound]
info: RequestProject/Spine/Nerve/Audit/Stage13Axioms.lean:348:0: 'SpineTask20.coordRetr_mem_bdLocus' depends on axioms: [propext, Classical.choice, Quot.sound]
info: RequestProject/Spine/Nerve/Audit/Stage13Axioms.lean:349:0: 'SpineTask20.coordRetr_of_face' depends on axioms: [propext, Classical.choice, Quot.sound]
info: RequestProject/Spine/Nerve/Audit/Stage13Axioms.lean:353:0: 'SpineTask20.faceHom' depends on axioms: [propext, Classical.choice, Quot.sound]
info: RequestProject/Spine/Nerve/Audit/Stage13Axioms.lean:354:0: 'SpineTask20.bdFaceSimp_eq' depends on axioms: [propext, Classical.choice, Quot.sound]
info: RequestProject/Spine/Nerve/Audit/Stage13Axioms.lean:355:0: 'SpineTask20.bdFaceTop' depends on axioms: [propext, Classical.choice, Quot.sound]
info: RequestProject/Spine/Nerve/Audit/Stage13Axioms.lean:356:0: 'SpineTask20.bdCoord_bdFaceTop_zero' depends on axioms: [propext, Classical.choice, Quot.sound]
info: RequestProject/Spine/Nerve/Audit/Stage13Axioms.lean:357:0: 'SpineTask20.bdCoord_bdFaceTop_succ' depends on axioms: [propext, Classical.choice, Quot.sound]
info: RequestProject/Spine/Nerve/Audit/Stage13Axioms.lean:358:0: 'SpineTask20.sSetChainMap_injective' depends on axioms: [propext, Classical.choice, Quot.sound]
info: RequestProject/Spine/Nerve/Audit/Stage13Axioms.lean:359:0: 'SpineTask20.bdFaceChain_mem_Zc' depends on axioms: [propext, Classical.choice, Quot.sound]
info: RequestProject/Spine/Nerve/Audit/Stage13Axioms.lean:360:0: 'SpineTask20.boundary_single_bdFaceSimp_zero' depends on axioms: [propext, Classical.choice, Quot.sound]
info: RequestProject/Spine/Nerve/Audit/Stage13Axioms.lean:364:0: 'SpineTask20.Uset' depends on axioms: [propext, Classical.choice, Quot.sound]
info: RequestProject/Spine/Nerve/Audit/Stage13Axioms.lean:365:0: 'SpineTask20.Vset' depends on axioms: [propext, Classical.choice, Quot.sound]
info: RequestProject/Spine/Nerve/Audit/Stage13Axioms.lean:366:0: 'SpineTask20.Uset_union_Vset' depends on axioms: [propext, Classical.choice, Quot.sound]
info: RequestProject/Spine/Nerve/Audit/Stage13Axioms.lean:367:0: 'SpineTask20.carrier_bdFaceSimp_subset_Uset' depends on axioms: [propext, Classical.choice, Quot.sound]
info: RequestProject/Spine/Nerve/Audit/Stage13Axioms.lean:368:0: 'SpineTask20.carrier_bdFaceSimp_subset_Vset' depends on axioms: [propext, Classical.choice, Quot.sound]
info: RequestProject/Spine/Nerve/Audit/Stage13Axioms.lean:369:0: 'SpineTask20.gIn' depends on axioms: [propext, Classical.choice, Quot.sound]
info: RequestProject/Spine/Nerve/Audit/Stage13Axioms.lean:370:0: 'SpineTask20.retr' depends on axioms: [propext, Classical.choice, Quot.sound]
info: RequestProject/Spine/Nerve/Audit/Stage13Axioms.lean:371:0: 'SpineTask20.gIn_comp_retr' depends on axioms: [propext, Classical.choice, Quot.sound]
info: RequestProject/Spine/Nerve/Audit/Stage13Axioms.lean:375:0: 'SpineTask20.interChain' depends on axioms: [propext, Classical.choice, Quot.sound]
info: RequestProject/Spine/Nerve/Audit/Stage13Axioms.lean:376:0: 'SpineTask20.interChain_mem_Zc' depends on axioms: [propext, Classical.choice, Quot.sound]
info: RequestProject/Spine/Nerve/Audit/Stage13Axioms.lean:377:0: 'SpineTask20.homologyMap_retr_gIn' depends on axioms: [propext, Classical.choice, Quot.sound]
info: RequestProject/Spine/Nerve/Audit/Stage13Axioms.lean:378:0: 'SpineTask20.hcls_interChain_ne_zero' depends on axioms: [propext, Classical.choice, Quot.sound]
info: RequestProject/Spine/Nerve/Audit/Stage13Axioms.lean:379:0: 'SpineTask20.hcls_bdFaceChain_zero' depends on axioms: [propext, Classical.choice, Quot.sound]
info: RequestProject/Spine/Nerve/Audit/Stage13Axioms.lean:380:0: 'SpineTask20.hcls_bdFaceChain_step' depends on axioms: [propext, Classical.choice, Quot.sound]
info: RequestProject/Spine/Nerve/Audit/Stage13Axioms.lean:381:0: 'SpineTask20.hcls_bdFaceChain_ne_zero' depends on axioms: [propext, Classical.choice, Quot.sound]
info: RequestProject/Spine/Nerve/Audit/Stage13Axioms.lean:385:0: 'SpineTask20.hcls_bdFaceChain_eq_bdFundClass' depends on axioms: [propext, Classical.choice, Quot.sound]
info: RequestProject/Spine/Nerve/Audit/Stage13Axioms.lean:386:0: 'SpineTask20.pairDelta_stdCellGenerator' depends on axioms: [propext, Classical.choice, Quot.sound]
info: RequestProject/Spine/Nerve/Audit/Stage13Axioms.lean:387:0: 'SpineTask20.stdCellGenerator_ne_zero' depends on axioms: [propext, Classical.choice, Quot.sound]
info: RequestProject/Spine/Nerve/Audit/Stage13Axioms.lean:388:0: 'SpineTask20.stdCellGenerator_eq_stdCellTopClass' depends on axioms: [propext, Classical.choice, Quot.sound]
info: RequestProject/Spine/Nerve/Audit/Stage13Axioms.lean:392:0: 'SpineTask20.cellRelJ' depends on axioms: [propext, Classical.choice, Quot.sound]
info: RequestProject/Spine/Nerve/Audit/Stage13Axioms.lean:393:0: 'SpineTask20.cellRelJ_topSimp' depends on axioms: [propext, Classical.choice, Quot.sound]
info: RequestProject/Spine/Nerve/Audit/Stage13Axioms.lean:394:0: 'SpineTask20.simplicialTop_mem_Zc' depends on axioms: [propext, Classical.choice, Quot.sound]
info: RequestProject/Spine/Nerve/Audit/Stage13Axioms.lean:395:0: 'SpineTask20.homologyMap_cellRelJ_top' depends on axioms: [propext, Classical.choice, Quot.sound]
info: RequestProject/Spine/Nerve/Audit/Stage13Axioms.lean:406:0: 'SpineTask21.homotopyPToId_hom_naturality' depends on axioms: [propext, Classical.choice, Quot.sound]
info: RequestProject/Spine/Nerve/Audit/Stage13Axioms.lean:407:0: 'SpineTask21.homotopyPInftyToId_hom_naturality' depends on axioms: [propext, Classical.choice, Quot.sound]
info: RequestProject/Spine/Nerve/Audit/Stage13Axioms.lean:408:0: 'SpineTask21.normHtpy_natural' depends on axioms: [propext, Classical.choice, Quot.sound]
info: RequestProject/Spine/Nerve/Audit/Stage13Axioms.lean:411:0: 'SpineTask21.single_mem_range_of_not_surjective' depends on axioms: [propext, Classical.choice, Quot.sound]
info: RequestProject/Spine/Nerve/Audit/Stage13Axioms.lean:412:0: 'SpineTask21.single_mem_degen_of_surjective' depends on axioms: [propext, Classical.choice, Quot.sound]
info: RequestProject/Spine/Nerve/Audit/Stage13Axioms.lean:413:0: 'SpineTask21.proj_natural' depends on axioms: [propext, Classical.choice, Quot.sound]
info: RequestProject/Spine/Nerve/Audit/Stage13Axioms.lean:414:0: 'SpineTask21.proj_mem_range' depends on axioms: [propext, Classical.choice, Quot.sound]
info: RequestProject/Spine/Nerve/Audit/Stage13Axioms.lean:415:0: 'SpineTask21.isZero_simpRel_homology' depends on axioms: [propext, Classical.choice, Quot.sound]
info: RequestProject/Spine/Nerve/Audit/Stage13Axioms.lean:416:0: 'SpineTask21.exists_smul_relTop' depends on axioms: [propext, Classical.choice, Quot.sound]
info: RequestProject/Spine/Nerve/Audit/Stage13Axioms.lean:417:0: 'SpineTask21.exists_smul_simpTopClass' depends on axioms: [propext, Classical.choice, Quot.sound]
info: RequestProject/Spine/Nerve/Audit/Stage13Axioms.lean:420:0: 'SpineTask21.homologyMap_cellRelJ_simpTopClass' depends on axioms: [propext, Classical.choice, Quot.sound]
info: RequestProject/Spine/Nerve/Audit/Stage13Axioms.lean:421:0: 'SpineTask21.bijective_homologyMap_cellRelJ_top' depends on axioms: [propext, Classical.choice, Quot.sound]
info: RequestProject/Spine/Nerve/Audit/Stage13Axioms.lean:424:0: 'SpineTask21.isIso_homologyMap_cellRelJ' depends on axioms: [propext, Classical.choice, Quot.sound]
info: RequestProject/Spine/Nerve/Audit/Stage13Axioms.lean:425:0: 'SpineTask21.homologyIso_cellRelJ' depends on axioms: [propext, Classical.choice, Quot.sound]
info: RequestProject/Spine/Nerve/Audit/Stage13Axioms.lean:426:0: 'SpineTask21.isLine_simpRel_homology_top' depends on axioms: [propext, Classical.choice, Quot.sound]
info: RequestProject/Spine/Nerve/Audit/Stage13Axioms.lean:427:0: 'SpineTask21.simpTopClass_ne_zero' depends on axioms: [propext, Classical.choice, Quot.sound]
info: RequestProject/Spine/Nerve/Audit/Stage13Axioms.lean:428:0: 'SpineTask21.quasiIso_cellRelJ' depends on axioms: [propext, Classical.choice, Quot.sound]
info: RequestProject/Spine/Nerve/Audit/Stage13Axioms.lean:439:0: 'SpineTask22.finiteBiproduct_of_fintype' depends on axioms: [propext, Classical.choice, Quot.sound]
info: RequestProject/Spine/Nerve/Audit/Stage13Axioms.lean:442:0: 'SpineTask22.hcls_rel_eq_zero_of_proj_mem_range' depends on axioms: [propext, Classical.choice, Quot.sound]
info: RequestProject/Spine/Nerve/Audit/Stage13Axioms.lean:443:0: 'SpineTask22.proj_mem_range_of_normMap_surj' depends on axioms: [propext, Classical.choice, Quot.sound]
info: RequestProject/Spine/Nerve/Audit/Stage13Axioms.lean:444:0: 'SpineTask22.clsAll' depends on axioms: [propext, Classical.choice, Quot.sound]
info: RequestProject/Spine/Nerve/Audit/Stage13Axioms.lean:447:0: 'SpineTask22.normChain_mem_range_of_ne' depends on axioms: [propext, Classical.choice, Quot.sound]
info: RequestProject/Spine/Nerve/Audit/Stage13Axioms.lean:448:0: 'SpineTask22.proj_skel_mem_range' depends on axioms: [propext, Classical.choice, Quot.sound]
info: RequestProject/Spine/Nerve/Audit/Stage13Axioms.lean:449:0: 'SpineTask22.isZero_skelRel_homology' depends on axioms: [propext, Classical.choice, Quot.sound]
info: RequestProject/Spine/Nerve/Audit/Stage13Axioms.lean:450:0: 'SpineTask22.subsingleton_relChain_of_lt' depends on axioms: [propext, Classical.choice, Quot.sound]
info: RequestProject/Spine/Nerve/Audit/Stage13Axioms.lean:451:0: 'SpineTask22.mem_Zc_top' depends on axioms: [propext, Classical.choice, Quot.sound]
info: RequestProject/Spine/Nerve/Audit/Stage13Axioms.lean:452:0: 'SpineTask22.topCls_eq_of_normProj_eq' depends on axioms: [propext, Classical.choice, Quot.sound]
info: RequestProject/Spine/Nerve/Audit/Stage13Axioms.lean:453:0: 'SpineTask22.phi_injective' depends on axioms: [propext, Classical.choice, Quot.sound]
info: RequestProject/Spine/Nerve/Audit/Stage13Axioms.lean:454:0: 'SpineTask22.phi_surjective' depends on axioms: [propext, Classical.choice, Quot.sound]
info: RequestProject/Spine/Nerve/Audit/Stage13Axioms.lean:455:0: 'SpineTask22.bijective_phi' depends on axioms: [propext, Classical.choice, Quot.sound]
info: RequestProject/Spine/Nerve/Audit/Stage13Axioms.lean:458:0: 'SpineTask22.cellPairMap' depends on axioms: [propext, Classical.choice, Quot.sound]
info: RequestProject/Spine/Nerve/Audit/Stage13Axioms.lean:459:0: 'SpineTask22.cellPairMap_relTop' depends on axioms: [propext, Classical.choice, Quot.sound]
info: RequestProject/Spine/Nerve/Audit/Stage13Axioms.lean:460:0: 'SpineTask22.homologyMap_cellPairMap_simpTopClass' depends on axioms: [propext, Classical.choice, Quot.sound]
info: RequestProject/Spine/Nerve/Audit/Stage13Axioms.lean:461:0: 'SpineTask22.lineEquiv' depends on axioms: [propext, Classical.choice, Quot.sound]
info: RequestProject/Spine/Nerve/Audit/Stage13Axioms.lean:462:0: 'SpineTask22.srcDecomp' depends on axioms: [propext, Classical.choice, Quot.sound]
info: RequestProject/Spine/Nerve/Audit/Stage13Axioms.lean:463:0: 'SpineTask22.bijective_srcDecomp_top' depends on axioms: [propext, Classical.choice, Quot.sound]
info: RequestProject/Spine/Nerve/Audit/Stage13Axioms.lean:464:0: 'SpineTask22.isIso_srcDecomp' depends on axioms: [propext, Classical.choice, Quot.sound]
info: RequestProject/Spine/Nerve/Audit/Stage13Axioms.lean:465:0: 'SpineTask22.srcDecompIso' depends on axioms: [propext, Classical.choice, Quot.sound]
info: RequestProject/Spine/Nerve/Audit/Stage13Axioms.lean:468:0: 'SpineTask22.topCellPairMap' depends on axioms: [propext, Classical.choice, Quot.sound]
info: RequestProject/Spine/Nerve/Audit/Stage13Axioms.lean:469:0: 'SpineTask22.cellPairMap_relJ' depends on axioms: [propext, Classical.choice, Quot.sound]
info: RequestProject/Spine/Nerve/Audit/Stage13Axioms.lean:470:0: 'SpineTask22.tgtDecomp' depends on axioms: [propext, Classical.choice, Quot.sound]
info: RequestProject/Spine/Nerve/Audit/Stage13Axioms.lean:471:0: 'SpineTask22.sumCellRelJ' depends on axioms: [propext, Classical.choice, Quot.sound]
info: RequestProject/Spine/Nerve/Audit/Stage13Axioms.lean:472:0: 'SpineTask22.isIso_sumCellRelJ' depends on axioms: [propext, Classical.choice, Quot.sound]
info: RequestProject/Spine/Nerve/Audit/Stage13Axioms.lean:473:0: 'SpineTask22.relJ_decomposition_square' depends on axioms: [propext, Classical.choice, Quot.sound]
info: RequestProject/Spine/Nerve/Audit/Stage13Axioms.lean:474:0: 'SpineTask22.homologyMap_relJ_eq' depends on axioms: [propext, Classical.choice, Quot.sound]
info: RequestProject/Spine/Nerve/Audit/Stage13Axioms.lean:477:0: 'SpineTask22.relJ_f_cellSimplex' depends on axioms: [propext, Classical.choice, Quot.sound]
info: RequestProject/Spine/Nerve/Audit/Stage13Axioms.lean:478:0: 'SpineTask22.relJ_topCls' depends on axioms: [propext, Classical.choice, Quot.sound]
info: RequestProject/Spine/Nerve/Audit/Stage13Axioms.lean:479:0: 'SpineTask22.relJ_generator_component' depends on axioms: [propext, Classical.choice, Quot.sound]
info: RequestProject/Spine/Nerve/Audit/Stage13Axioms.lean:482:0: 'SpineTask22.realIsPushout' depends on axioms: [propext, Classical.choice, Quot.sound]
info: RequestProject/Spine/Nerve/Audit/Stage13Axioms.lean:483:0: 'SpineTask22.real_bdryMap_injective' depends on axioms: [propext, Classical.choice, Quot.sound]
info: RequestProject/Spine/Nerve/Audit/Stage13Axioms.lean:484:0: 'SpineTask22.cellPushoutIso' depends on axioms: [propext, Classical.choice, Quot.sound]
info: RequestProject/Spine/Nerve/Audit/Stage13Axioms.lean:485:0: 'SpineTask22.range_skInc_union_range_cellMap' depends on axioms: [propext, Classical.choice, Quot.sound]
info: RequestProject/Spine/Nerve/Audit/Stage13Axioms.lean:486:0: 'SpineTask22.real_cellMap_eq_skInc_iff' depends on axioms: [propext, Classical.choice, Quot.sound]
info: RequestProject/Spine/Nerve/Audit/Stage13Axioms.lean:487:0: 'SpineTask22.real_cellMap_eq_cellMap_iff' depends on axioms: [propext, Classical.choice, Quot.sound]
info: RequestProject/Spine/Nerve/Audit/Stage13Axioms.lean:488:0: 'SpineTask22.real_cellMap_injOn_compl_bdry' depends on axioms: [propext, Classical.choice, Quot.sound]
info: RequestProject/Spine/Nerve/Audit/Stage13Axioms.lean:489:0: 'SpineTask22.real_cellMap_notMem_range_skInc' depends on axioms: [propext, Classical.choice, Quot.sound]
info: RequestProject/Spine/Nerve/Audit/Stage13Axioms.lean:490:0: 'SpineTask22.compl_range_skInc' depends on axioms: [propext, Classical.choice, Quot.sound]
info: RequestProject/Spine/Nerve/Audit/Stage13Axioms.lean:494:0: 'SpineTask22.SingularCellFamilyAdditivity' depends on axioms: [propext, Classical.choice, Quot.sound]
info: RequestProject/Spine/Nerve/Audit/Stage13Axioms.lean:495:0: 'SpineTask22.relJIsIso_of_singularCellFamilyAdditivity' depends on axioms: [propext, Classical.choice, Quot.sound]
info: RequestProject/Spine/Nerve/Audit/Stage13Axioms.lean:502:0: 'SpineTask23.radialRetract' depends on axioms: [propext, Classical.choice, Quot.sound]
info: RequestProject/Spine/Nerve/Audit/Stage13Axioms.lean:503:0: 'SpineTask23.radialHomotopy' depends on axioms: [propext, Classical.choice, Quot.sound]
info: RequestProject/Spine/Nerve/Audit/Stage13Axioms.lean:504:0: 'SpineTask23.radialHomotopy_zero' depends on axioms: [propext, Classical.choice, Quot.sound]
info: RequestProject/Spine/Nerve/Audit/Stage13Axioms.lean:505:0: 'SpineTask23.radialHomotopy_of_bdLocus' depends on axioms: [propext, Classical.choice, Quot.sound]
info: RequestProject/Spine/Nerve/Audit/Stage13Axioms.lean:506:0: 'SpineTask23.radialHomotopy_one_mem_bdLocus' depends on axioms: [propext, Classical.choice, Quot.sound]
info: RequestProject/Spine/Nerve/Audit/Stage13Axioms.lean:507:0: 'SpineTask23.cellRetract' depends on axioms: [propext, Classical.choice, Quot.sound]
info: RequestProject/Spine/Nerve/Audit/Stage13Axioms.lean:508:0: 'SpineTask23.cellHomotopy' depends on axioms: [propext, Classical.choice, Quot.sound]
info: RequestProject/Spine/Nerve/Audit/Stage13Axioms.lean:509:0: 'SpineTask23.cellHomotopy_zero' depends on axioms: [propext, Classical.choice, Quot.sound]
info: RequestProject/Spine/Nerve/Audit/Stage13Axioms.lean:510:0: 'SpineTask23.cellHomotopy_one' depends on axioms: [propext, Classical.choice, Quot.sound]
info: RequestProject/Spine/Nerve/Audit/Stage13Axioms.lean:511:0: 'SpineTask23.cellHomotopy_bdry' depends on axioms: [propext, Classical.choice, Quot.sound]
info: RequestProject/Spine/Nerve/Audit/Stage13Axioms.lean:512:0: 'SpineTask23.cellRetract_bdryToPunctured' depends on axioms: [propext, Classical.choice, Quot.sound]
info: RequestProject/Spine/Nerve/Audit/Stage13Axioms.lean:515:0: 'SpineTask23.isClosed_iff_of_isPushout' depends on axioms: [propext, Classical.choice, Quot.sound]
info: RequestProject/Spine/Nerve/Audit/Stage13Axioms.lean:516:0: 'SpineTask23.isOpen_iff_of_isPushout' depends on axioms: [propext, Classical.choice, Quot.sound]
info: RequestProject/Spine/Nerve/Audit/Stage13Axioms.lean:517:0: 'SpineTask23.isClosed_coprod_iff' depends on axioms: [propext, Classical.choice, Quot.sound]
info: RequestProject/Spine/Nerve/Audit/Stage13Axioms.lean:518:0: 'SpineTask23.isClosed_range_skInc' depends on axioms: [propext, Classical.choice, Quot.sound]
info: RequestProject/Spine/Nerve/Audit/Stage13Axioms.lean:519:0: 'SpineTask23.baryPoint_notMem_range_skInc' depends on axioms: [propext, Classical.choice, Quot.sound]
info: RequestProject/Spine/Nerve/Audit/Stage13Axioms.lean:520:0: 'SpineTask23.isClosed_barySet' depends on axioms: [propext, Classical.choice, Quot.sound]
info: RequestProject/Spine/Nerve/Audit/Stage13Axioms.lean:521:0: 'SpineTask23.isOpen_puncturedNbhd' depends on axioms: [propext, Classical.choice, Quot.sound]
info: RequestProject/Spine/Nerve/Audit/Stage13Axioms.lean:522:0: 'SpineTask23.isOpen_openCells' depends on axioms: [propext, Classical.choice, Quot.sound]
info: RequestProject/Spine/Nerve/Audit/Stage13Axioms.lean:523:0: 'SpineTask23.openCells_union_puncturedNbhd' depends on axioms: [propext, Classical.choice, Quot.sound]
info: RequestProject/Spine/Nerve/Audit/Stage13Axioms.lean:526:0: 'SpineTask23.isQuotientMap_totMap' depends on axioms: [propext, Classical.choice, Quot.sound]
info: RequestProject/Spine/Nerve/Audit/Stage13Axioms.lean:527:0: 'SpineTask23.descend' depends on axioms: [propext, Classical.choice, Quot.sound]
info: RequestProject/Spine/Nerve/Audit/Stage13Axioms.lean:528:0: 'SpineTask23.descendHomotopy' depends on axioms: [propext, Classical.choice, Quot.sound]
info: RequestProject/Spine/Nerve/Audit/Stage13Axioms.lean:529:0: 'SpineTask23.vRetract' depends on axioms: [propext, Classical.choice, Quot.sound]
info: RequestProject/Spine/Nerve/Audit/Stage13Axioms.lean:530:0: 'SpineTask23.vHomotopy' depends on axioms: [propext, Classical.choice, Quot.sound]
info: RequestProject/Spine/Nerve/Audit/Stage13Axioms.lean:531:0: 'SpineTask23.vRetract_skToV' depends on axioms: [propext, Classical.choice, Quot.sound]
info: RequestProject/Spine/Nerve/Audit/Stage13Axioms.lean:532:0: 'SpineTask23.vHomotopy_zero' depends on axioms: [propext, Classical.choice, Quot.sound]
info: RequestProject/Spine/Nerve/Audit/Stage13Axioms.lean:533:0: 'SpineTask23.vHomotopy_one' depends on axioms: [propext, Classical.choice, Quot.sound]
info: RequestProject/Spine/Nerve/Audit/Stage13Axioms.lean:534:0: 'SpineTask23.vHomotopy_fix' depends on axioms: [propext, Classical.choice, Quot.sound]
info: RequestProject/Spine/Nerve/Audit/Stage13Axioms.lean:537:0: 'SpineTask23.vHomotopyEquiv' depends on axioms: [propext, Classical.choice, Quot.sound]
info: RequestProject/Spine/Nerve/Audit/Stage13Axioms.lean:538:0: 'SpineTask23.isZero_relHomology_of_quasiIso' depends on axioms: [propext, Classical.choice, Quot.sound]
info: RequestProject/Spine/Nerve/Audit/Stage13Axioms.lean:539:0: 'SpineTask23.isZero_relHomology_skToV' depends on axioms: [propext, Classical.choice, Quot.sound]
info: RequestProject/Spine/Nerve/Audit/Stage13Axioms.lean:542:0: 'SpineTask23.isIso_homologyMap_relChainCxMap' depends on axioms: [propext, Classical.choice, Quot.sound]
info: RequestProject/Spine/Nerve/Audit/Stage13Axioms.lean:543:0: 'SpineTask23.isIso_homologyMap_pairAV' depends on axioms: [propext, Classical.choice, Quot.sound]
info: RequestProject/Spine/Nerve/Audit/Stage13Axioms.lean:544:0: 'SpineTask23.excisionIsoCells' depends on axioms: [propext, Classical.choice, Quot.sound]
info: RequestProject/Spine/Nerve/Audit/Stage13Axioms.lean:545:0: 'SpineTask23.cellPairIso' depends on axioms: [propext, Classical.choice, Quot.sound]
info: RequestProject/Spine/Nerve/Audit/Stage13Axioms.lean:548:0: 'SpineTask23.bdryHomotopyEquiv' depends on axioms: [propext, Classical.choice, Quot.sound]
info: RequestProject/Spine/Nerve/Audit/Stage13Axioms.lean:549:0: 'SpineTask23.isIso_homologyMap_stdPair' depends on axioms: [propext, Classical.choice, Quot.sound]
info: RequestProject/Spine/Nerve/Audit/Stage13Axioms.lean:550:0: 'SpineTask23.stdExcisionIso' depends on axioms: [propext, Classical.choice, Quot.sound]
info: RequestProject/Spine/Nerve/Audit/Stage13Axioms.lean:551:0: 'SpineTask23.stdCellIso' depends on axioms: [propext, Classical.choice, Quot.sound]
info: RequestProject/Spine/Nerve/Audit/Stage13Axioms.lean:554:0: 'SpineTask23.finiteSingularCellFamilyAdditivity_of_singularCellFamilyAdditivity' depends on axioms: [propext,
 Classical.choice,
 Quot.sound]
info: RequestProject/Spine/Nerve/Audit/Stage13Axioms.lean:555:0: 'SpineTask23.relJIsIso_of_finite' depends on axioms: [propext, Classical.choice, Quot.sound]
info: RequestProject/Spine/Nerve/Audit/Stage13Axioms.lean:560:0: 'SpineTask23.bijective_cellSingMap' depends on axioms: [propext, Classical.choice, Quot.sound]
info: RequestProject/Spine/Nerve/Audit/Stage13Axioms.lean:561:0: 'SpineTask23.cellSingMap_mem_range_incInterU_iff' depends on axioms: [propext, Classical.choice, Quot.sound]
info: RequestProject/Spine/Nerve/Audit/Stage13Axioms.lean:562:0: 'SpineTask23.cellIncl' depends on axioms: [propext, Classical.choice, Quot.sound]
info: RequestProject/Spine/Nerve/Audit/Stage13Axioms.lean:563:0: 'SpineTask23.isOpenMap_cellIncl' depends on axioms: [propext, Classical.choice, Quot.sound]
info: RequestProject/Spine/Nerve/Audit/Stage13Axioms.lean:564:0: 'SpineTask23.exists_cellIncl_lift' depends on axioms: [propext, Classical.choice, Quot.sound]
info: RequestProject/Spine/Nerve/Audit/Stage13Axioms.lean:567:0: 'SpineTask23.finsuppCx' depends on axioms: [propext, Classical.choice, Quot.sound]
info: RequestProject/Spine/Nerve/Audit/Stage13Axioms.lean:568:0: 'SpineTask23.finsuppCxι' depends on axioms: [propext, Classical.choice, Quot.sound]
info: RequestProject/Spine/Nerve/Audit/Stage13Axioms.lean:569:0: 'SpineTask23.finsuppCxπ' depends on axioms: [propext, Classical.choice, Quot.sound]
info: RequestProject/Spine/Nerve/Audit/Stage13Axioms.lean:570:0: 'SpineTask23.finsuppCx_sum_support_single' depends on axioms: [propext, Classical.choice, Quot.sound]
info: RequestProject/Spine/Nerve/Audit/Stage13Axioms.lean:571:0: 'SpineTask23.homologyMap_finset_idem' depends on axioms: [propext, Classical.choice, Quot.sound]
info: RequestProject/Spine/Nerve/Audit/Stage13Axioms.lean:572:0: 'SpineTask23.isIso_sumHomologyMap_of_splitting' depends on axioms: [propext, Classical.choice, Quot.sound]
info: RequestProject/Spine/Nerve/Audit/Stage13Axioms.lean:573:0: 'SpineTask23.isIso_sumHomologyMap_finsuppCxι' depends on axioms: [propext, Classical.choice, Quot.sound]
info: RequestProject/Spine/Nerve/Audit/Stage13Axioms.lean:574:0: 'SpineTask23.isIso_sumHomologyMap' depends on axioms: [propext, Classical.choice, Quot.sound]
info: RequestProject/Spine/Nerve/Audit/Stage13Axioms.lean:575:0: 'SpineTask23.isIso_sumHomologyMap_of_iso' depends on axioms: [propext, Classical.choice, Quot.sound]
info: RequestProject/Spine/Nerve/Audit/Stage13Axioms.lean:578:0: 'SpineTask23.stdCellIso' depends on axioms: [propext, Classical.choice, Quot.sound]
info: RequestProject/Spine/Nerve/Audit/Stage13Axioms.lean:579:0: 'SpineTask23.cellPairIso' depends on axioms: [propext, Classical.choice, Quot.sound]
info: RequestProject/Spine/Nerve/Audit/Stage13Axioms.lean:582:0: 'SpineTask24.finsuppCxDesc' depends on axioms: [propext, Classical.choice, Quot.sound]
info: RequestProject/Spine/Nerve/Audit/Stage13Axioms.lean:583:0: 'SpineTask24.finsuppCxι_desc' depends on axioms: [propext, Classical.choice, Quot.sound]
info: RequestProject/Spine/Nerve/Audit/Stage13Axioms.lean:584:0: 'SpineTask24.famChainMap' depends on axioms: [propext, Classical.choice, Quot.sound]
info: RequestProject/Spine/Nerve/Audit/Stage13Axioms.lean:585:0: 'SpineTask24.famChainMapDeg_apply' depends on axioms: [propext, Classical.choice, Quot.sound]
info: RequestProject/Spine/Nerve/Audit/Stage13Axioms.lean:586:0: 'SpineTask24.bijective_famChainMapDeg' depends on axioms: [propext, Classical.choice, Quot.sound]
info: RequestProject/Spine/Nerve/Audit/Stage13Axioms.lean:587:0: 'SpineTask24.isIso_famChainMap' depends on axioms: [propext, Classical.choice, Quot.sound]
info: RequestProject/Spine/Nerve/Audit/Stage13Axioms.lean:588:0: 'SpineTask24.thetaAbs' depends on axioms: [propext, Classical.choice, Quot.sound]
info: RequestProject/Spine/Nerve/Audit/Stage13Axioms.lean:589:0: 'SpineTask24.isIso_thetaAbs' depends on axioms: [propext, Classical.choice, Quot.sound]
info: RequestProject/Spine/Nerve/Audit/Stage13Axioms.lean:592:0: 'SpineTask24.famRelChainMap' depends on axioms: [propext, Classical.choice, Quot.sound]
info: RequestProject/Spine/Nerve/Audit/Stage13Axioms.lean:593:0: 'SpineTask24.famRelChainMapDeg_mapRangeMk' depends on axioms: [propext, Classical.choice, Quot.sound]
info: RequestProject/Spine/Nerve/Audit/Stage13Axioms.lean:594:0: 'SpineTask24.isIso_famRelChainMap' depends on axioms: [propext, Classical.choice, Quot.sound]
info: RequestProject/Spine/Nerve/Audit/Stage13Axioms.lean:595:0: 'SpineTask24.cellRelPairMap' depends on axioms: [propext, Classical.choice, Quot.sound]
info: RequestProject/Spine/Nerve/Audit/Stage13Axioms.lean:596:0: 'SpineTask24.thetaRel' depends on axioms: [propext, Classical.choice, Quot.sound]
info: RequestProject/Spine/Nerve/Audit/Stage13Axioms.lean:597:0: 'SpineTask24.isIso_thetaRel' depends on axioms: [propext, Classical.choice, Quot.sound]
info: RequestProject/Spine/Nerve/Audit/Stage13Axioms.lean:600:0: 'SpineTask24.sumCellHomology' depends on axioms: [propext, Classical.choice, Quot.sound]
info: RequestProject/Spine/Nerve/Audit/Stage13Axioms.lean:601:0: 'SpineTask24.sumCellHomology_single' depends on axioms: [propext, Classical.choice, Quot.sound]
info: RequestProject/Spine/Nerve/Audit/Stage13Axioms.lean:602:0: 'SpineTask24.isIso_sumCellHomology' depends on axioms: [propext, Classical.choice, Quot.sound]
info: RequestProject/Spine/Nerve/Audit/Stage13Axioms.lean:605:0: 'SpineTask24.excision_cell_square' depends on axioms: [propext, Classical.choice, Quot.sound]
info: RequestProject/Spine/Nerve/Audit/Stage13Axioms.lean:606:0: 'SpineTask24.stdPair_cell_square' depends on axioms: [propext, Classical.choice, Quot.sound]
info: RequestProject/Spine/Nerve/Audit/Stage13Axioms.lean:607:0: 'SpineTask24.cell_decomposition_square' depends on axioms: [propext, Classical.choice, Quot.sound]
info: RequestProject/Spine/Nerve/Audit/Stage13Axioms.lean:610:0: 'SpineTask24.mapRangeStd' depends on axioms: [propext, Classical.choice, Quot.sound]
info: RequestProject/Spine/Nerve/Audit/Stage13Axioms.lean:611:0: 'SpineTask24.isIso_mapRangeStd' depends on axioms: [propext, Classical.choice, Quot.sound]
info: RequestProject/Spine/Nerve/Audit/Stage13Axioms.lean:612:0: 'SpineTask24.mapRangeStd_tgtDecomp' depends on axioms: [propext, Classical.choice, Quot.sound]
info: RequestProject/Spine/Nerve/Audit/Stage13Axioms.lean:613:0: 'SpineTask24.isIso_tgtDecomp' depends on axioms: [propext, Classical.choice, Quot.sound]
info: RequestProject/Spine/Nerve/Audit/Stage13Axioms.lean:614:0: 'SpineTask24.isIso_tgtDecomp_finite' depends on axioms: [propext, Classical.choice, Quot.sound]
info: RequestProject/Spine/Nerve/Audit/Stage13Axioms.lean:617:0: 'SpineTask24.singularCellFamilyAdditivity' depends on axioms: [propext, Classical.choice, Quot.sound]
info: RequestProject/Spine/Nerve/Audit/Stage13Axioms.lean:618:0: 'SpineTask24.relJIsIso' depends on axioms: [propext, Classical.choice, Quot.sound]
info: RequestProject/Spine/Nerve/Audit/Stage13Axioms.lean:619:0: 'SpineTask24.singularCellFamilyAdditivity_finite' depends on axioms: [propext, Classical.choice, Quot.sound]
info: RequestProject/Spine/Nerve/Audit/Stage13Axioms.lean:620:0: 'SpineTask24.finiteSingularCellFamilyAdditivity_finite' depends on axioms: [propext, Classical.choice, Quot.sound]
info: RequestProject/Spine/Nerve/Audit/Stage13Axioms.lean:621:0: 'SpineTask24.relJIsIso_finite' depends on axioms: [propext, Classical.choice, Quot.sound]
info: RequestProject/Spine/Nerve/Audit/Stage13Axioms.lean:624:0: 'NerveTopology.isClosedMap_realization_subcomplex' depends on axioms: [propext, Classical.choice, Quot.sound]
info: RequestProject/Spine/Nerve/Audit/Stage13Axioms.lean:625:0: 'NerveTopology.exists_skeletal_factorization' depends on axioms: [propext, Classical.choice, Quot.sound]
info: RequestProject/Spine/Nerve/Audit/Stage13Axioms.lean:626:0: 'NerveSkeleton.skeletalSupport' depends on axioms: [propext, Classical.choice, Quot.sound]
info: RequestProject/Spine/Nerve/Audit/Stage13Axioms.lean:627:0: 'SpineExhaustion.isIso_homologyMap_of_exhaustive' depends on axioms: [propext, Classical.choice, Quot.sound]
info: RequestProject/Spine/Nerve/Audit/Stage13Axioms.lean:628:0: 'NerveComparison.globalHomologyIso_of_skeletalSupport' depends on axioms: [propext, Classical.choice, Quot.sound]
info: RequestProject/Spine/Nerve/Audit/Stage13Axioms.lean:629:0: 'NerveComparison.globalHomologyIso' depends on axioms: [propext, Classical.choice, Quot.sound]
info: RequestProject/Spine/Nerve/Audit/Stage13Axioms.lean:630:0: 'NerveComparison.homologyIso_of_hasDimensionLT' depends on axioms: [propext, Classical.choice, Quot.sound]
info: RequestProject/Spine/Nerve/Audit/Stage13Axioms.lean:631:0: 'SpineNaiveHomology.bijective_homologyMap_of_isIso' depends on axioms: [propext, Classical.choice, Quot.sound]
info: RequestProject/Spine/Nerve/Audit/Stage13Axioms.lean:632:0: 'SpineDualCohomology.mem_coboundaries_iff' depends on axioms: [propext, Classical.choice, Quot.sound]
info: RequestProject/Spine/Nerve/Audit/Stage13Axioms.lean:633:0: 'SpineDualCohomology.exists_cocycle_of_functional' depends on axioms: [propext, Classical.choice, Quot.sound]
info: RequestProject/Spine/Nerve/Audit/Stage13Axioms.lean:634:0: 'SpineDualCohomology.bijective_Hmap' depends on axioms: [propext, Classical.choice, Quot.sound]
info: RequestProject/Spine/Nerve/Audit/Stage13Axioms.lean:635:0: 'NerveGeom.bijective_naive_homologyMap' depends on axioms: [propext, Classical.choice, Quot.sound]
info: RequestProject/Spine/Nerve/Audit/Stage13Axioms.lean:636:0: 'NerveGeom.geometricHmap_bijective' depends on axioms: [propext, Classical.choice, Quot.sound]
info: RequestProject/Spine/Nerve/Audit/Stage13Axioms.lean:637:0: 'NerveGeom.geometricComparison' depends on axioms: [propext, Classical.choice, Quot.sound]
✔ [8342/8356] Built RequestProject.Spine.E2.AtlasChange.AtlasChangeLiftability (8.4s)
✔ [8343/8356] Built RequestProject.Spine.E2.AtlasChange.FamilyDefectNeutrality (10s)
✔ [8344/8356] Built RequestProject.Spine.Controls.E2.GoodBadAtlas (11s)
✔ [8345/8356] Built RequestProject.Spine.E2.AtlasChange.FamilyExistenceClassification (7.9s)
ℹ [8346/8356] Built RequestProject.Spine.Closure.AxiomAudit (96s)
info: RequestProject/Spine/Closure/AxiomAudit.lean:35:0: 'SpinCore.lorentz_quadratic_form' depends on axioms: [propext, Classical.choice, Quot.sound]
info: RequestProject/Spine/Closure/AxiomAudit.lean:36:0: 'SpinCore.clifford_generator_square' depends on axioms: [propext, Classical.choice, Quot.sound]
info: RequestProject/Spine/Closure/AxiomAudit.lean:37:0: 'SpinCore.paravector_norm' depends on axioms: [propext, Classical.choice, Quot.sound]
info: RequestProject/Spine/Closure/AxiomAudit.lean:38:0: 'SpinCore.clifford_jordan' depends on axioms: [propext, Classical.choice, Quot.sound]
info: RequestProject/Spine/Closure/AxiomAudit.lean:39:0: 'SpinCore.adjoin_spinToCl_eq_top' depends on axioms: [propext, Classical.choice, Quot.sound]
info: RequestProject/Spine/Closure/AxiomAudit.lean:40:0: 'SpinCore.spin_double_cover_of_lorentz' depends on axioms: [propext, Classical.choice, Quot.sound]
info: RequestProject/Spine/Closure/AxiomAudit.lean:41:0: 'SpinCore.spin_double_cover_bundled' depends on axioms: [propext, Classical.choice, Quot.sound]
info: RequestProject/Spine/Closure/AxiomAudit.lean:42:0: 'SpinCore.spin_double_cover_topological_endpoint' depends on axioms: [propext, Classical.choice, Quot.sound]
info: RequestProject/Spine/Closure/AxiomAudit.lean:43:0: 'SpinCore.spin_double_cover_local_section_endpoint' depends on axioms: [propext, Classical.choice, Quot.sound]
info: RequestProject/Spine/Closure/AxiomAudit.lean:47:0: 'SpinCore.gB_bracket_mem' depends on axioms: [propext, Classical.choice, Quot.sound]
info: RequestProject/Spine/Closure/AxiomAudit.lean:48:0: 'SpinCore.gBLie_bracket' depends on axioms: [propext, Classical.choice, Quot.sound]
info: RequestProject/Spine/Closure/AxiomAudit.lean:49:0: 'SpinCore.bivectorEquivSkew_wedge' depends on axioms: [propext, Classical.choice, Quot.sound]
info: RequestProject/Spine/Closure/AxiomAudit.lean:50:0: 'SpinCore.finrank_gB' depends on axioms: [propext, Classical.choice, Quot.sound]
info: RequestProject/Spine/Closure/AxiomAudit.lean:54:0: 'EmergentBase.base_not_determined_by_local_pieces' depends on axioms: [propext, Classical.choice, Quot.sound]
info: RequestProject/Spine/Closure/AxiomAudit.lean:55:0: 'EmergentBase.BaseGluingData.isManifold_of_smoothGluing' depends on axioms: [propext, Classical.choice, Quot.sound]
info: RequestProject/Spine/Closure/AxiomAudit.lean:56:0: 'EmergentBase.BaseGluingData.smoothEmergentManifoldCertificate' depends on axioms: [propext,
 Classical.choice,
 Quot.sound]
info: RequestProject/Spine/Closure/AxiomAudit.lean:57:0: 'EmergentBase.BaseGluingData.tangentTransition_eq_derivative_baseTransition' depends on axioms: [propext,
 Classical.choice,
 Quot.sound]
info: RequestProject/Spine/Closure/AxiomAudit.lean:61:0: 'SpinNative.tangent_spin_base_data_do_not_force_transition_identification' depends on axioms: [propext,
 Classical.choice,
 Quot.sound]
info: RequestProject/Spine/Closure/AxiomAudit.lean:62:0: 'SpinNative.TangentSolderData.tangentMetric_wellDefined' depends on axioms: [propext, Classical.choice, Quot.sound]
info: RequestProject/Spine/Closure/AxiomAudit.lean:63:0: 'SpinNative.weak_solder_not_regular' depends on axioms: [propext, Classical.choice, Quot.sound]
info: RequestProject/Spine/Closure/AxiomAudit.lean:64:0: 'SpinNative.smooth_solder_iff_regular_bundle_equivalence' depends on axioms: [propext, Classical.choice, Quot.sound]
info: RequestProject/Spine/Closure/AxiomAudit.lean:65:0: 'SpinNative.SmoothTangentSolderData.smooth_tangent_lorentz_metric' depends on axioms: [propext,
 Classical.choice,
 Quot.sound]
info: RequestProject/Spine/Closure/AxiomAudit.lean:69:0: 'Task36.smooth_solder_implies_orientation_compatible' depends on axioms: [propext, Classical.choice, Quot.sound]
info: RequestProject/Spine/Closure/AxiomAudit.lean:70:0: 'Task36.orientation_obstruction_nonzero_implies_no_solder' depends on axioms: [propext, Classical.choice, Quot.sound]
info: RequestProject/Spine/Closure/AxiomAudit.lean:71:0: 'Task36.smooth_solder_implies_spin_obstruction_trivial' depends on axioms: [propext, Classical.choice, Quot.sound]
info: RequestProject/Spine/Closure/AxiomAudit.lean:72:0: 'Task36.spin_obstruction_nonzero_implies_no_solder' depends on axioms: [propext, Classical.choice, Quot.sound]
info: RequestProject/Spine/Closure/AxiomAudit.lean:73:0: 'Task36.classical_reconvergence' depends on axioms: [propext, Classical.choice, Quot.sound]
info: RequestProject/Spine/Closure/AxiomAudit.lean:74:0: 'Task36.nonempty_regularBundleCertificate_iff' depends on axioms: [propext, Classical.choice, Quot.sound]
info: RequestProject/Spine/Closure/AxiomAudit.lean:75:0: 'Task36.nonempty_timeOrientationReduction_of_solder' depends on axioms: [propext, Classical.choice, Quot.sound]
info: RequestProject/Spine/Closure/AxiomAudit.lean:76:0: 'Task36.loop_timeOrientationReduction_isGlued' depends on axioms: [propext, Classical.choice, Quot.sound]
info: RequestProject/Spine/Closure/AxiomAudit.lean:77:0: 'Task36.regular_solder_is_gauge_torsor' depends on axioms: [propext, Classical.choice, Quot.sound]
info: RequestProject/Spine/Closure/AxiomAudit.lean:78:0: 'SpinNative.SmoothTangentSolderData.regular_solder_torsor' depends on axioms: [propext, Classical.choice, Quot.sound]
info: RequestProject/Spine/Closure/AxiomAudit.lean:79:0: 'Task36.one_loop_has_kernel_sign_freedom' depends on axioms: [propext, Classical.choice, Quot.sound]
info: RequestProject/Spine/Closure/AxiomAudit.lean:80:0: 'Task36.two_loop_spin_choice_family' depends on axioms: [propext, Classical.choice, Quot.sound]
info: RequestProject/Spine/Closure/AxiomAudit.lean:81:0: 'Task36.orientation_reversing_gluing_no_solder' depends on axioms: [propext, Classical.choice, Quot.sound]
info: RequestProject/Spine/Closure/AxiomAudit.lean:82:0: 'Task36.spin_does_not_imply_lorentz_moebius' depends on axioms: [propext, Classical.choice, Quot.sound]
info: RequestProject/Spine/Closure/AxiomAudit.lean:83:0: 'Task36.spin_foam_labels_do_not_determine_solder' depends on axioms: [propext, Classical.choice, Quot.sound]
info: RequestProject/Spine/Closure/AxiomAudit.lean:84:0: 'Task36.oneChart_positive_control' depends on axioms: [propext, Classical.choice, Quot.sound]
info: RequestProject/Spine/Closure/AxiomAudit.lean:85:0: 'Task36.adversarial_global_topology_certificate' depends on axioms: [propext, Classical.choice, Quot.sound]
info: RequestProject/Spine/Closure/AxiomAudit.lean:89:0: 'Task37.Deformation.transportState_add' depends on axioms: [propext, Classical.choice, Quot.sound]
info: RequestProject/Spine/Closure/AxiomAudit.lean:90:0: 'Task37.Deformation.projectedTransportState_apply' depends on axioms: [propext, Classical.choice, Quot.sound]
info: RequestProject/Spine/Closure/AxiomAudit.lean:91:0: 'Task37.Deformation.not_forall_regularClosureAdmissible' depends on axioms: [propext, Classical.choice, Quot.sound]
info: RequestProject/Spine/Closure/AxiomAudit.lean:92:0: 'Task37.Deformation.selective_family_not_admissible_of_ne' depends on axioms: [propext, Classical.choice, Quot.sound]
info: RequestProject/Spine/Closure/AxiomAudit.lean:93:0: 'Task37.Deformation.controlA_interface_certificate' depends on axioms: [propext, Classical.choice, Quot.sound]
info: RequestProject/Spine/Closure/AxiomAudit.lean:97:0: 'Task37.Deformation.controlAAdmissible_zero' depends on axioms: [propext, Classical.choice, Quot.sound]
info: RequestProject/Spine/Closure/AxiomAudit.lean:98:0: 'Task37.Deformation.controlAAdmissible_all' depends on axioms: [propext, Classical.choice, Quot.sound]
info: RequestProject/Spine/Closure/AxiomAudit.lean:99:0: 'Task37.Deformation.regularRegion_loopTransportFamily' depends on axioms: [propext, Classical.choice, Quot.sound]
info: RequestProject/Spine/Closure/AxiomAudit.lean:100:0: 'Task37.Deformation.controlAAdmissible_neg_iff' depends on axioms: [propext, Classical.choice, Quot.sound]
info: RequestProject/Spine/Closure/AxiomAudit.lean:101:0: 'Task37.Deformation.spinCocycle_gaugeEquiv' depends on axioms: [propext, Classical.choice, Quot.sound]
info: RequestProject/Spine/Closure/AxiomAudit.lean:102:0: 'Task37.Deformation.projectedCocycle_gaugeEquiv' depends on axioms: [propext, Classical.choice, Quot.sound]
info: RequestProject/Spine/Closure/AxiomAudit.lean:103:0: 'Task37.Deformation.not_kernelGaugeEquiv_of_ne_zero' depends on axioms: [propext, Classical.choice, Quot.sound]
info: RequestProject/Spine/Closure/AxiomAudit.lean:104:0: 'Task37.Deformation.loopParaSolder_A_comparison' depends on axioms: [propext, Classical.choice, Quot.sound]
info: RequestProject/Spine/Closure/AxiomAudit.lean:105:0: 'Task37.Deformation.tangentMetric_loopParaSolder_eq' depends on axioms: [propext, Classical.choice, Quot.sound]
info: RequestProject/Spine/Closure/AxiomAudit.lean:106:0: 'Task37.Deformation.native_transport_knob_smoketest_certificate' depends on axioms: [propext,
 Classical.choice,
 Quot.sound]
info: RequestProject/Spine/Closure/AxiomAudit.lean:107:0: 'Task37.Deformation.smoketest_negative_records' depends on axioms: [propext, Classical.choice, Quot.sound]
info: RequestProject/Spine/Closure/AxiomAudit.lean:111:0: 'Task37.Deformation.contDiffOn_loopProjectedGauge' depends on axioms: [propext, Classical.choice, Quot.sound]
info: RequestProject/Spine/Closure/AxiomAudit.lean:112:0: 'Task37.Deformation.loopProjectedGauge_eq' depends on axioms: [propext, Classical.choice, Quot.sound]
info: RequestProject/Spine/Closure/AxiomAudit.lean:113:0: 'Task37.Deformation.loopSolderTransport' depends on axioms: [propext, Classical.choice, Quot.sound]
info: RequestProject/Spine/Closure/AxiomAudit.lean:114:0: 'Task37.Deformation.loopSolderEquiv' depends on axioms: [propext, Classical.choice, Quot.sound]
info: RequestProject/Spine/Closure/AxiomAudit.lean:115:0: 'Task37.Deformation.loopSolderTransport_involutive' depends on axioms: [propext, Classical.choice, Quot.sound]
info: RequestProject/Spine/Closure/AxiomAudit.lean:116:0: 'Task37.Deformation.tangentMetric_loopSolderTransport' depends on axioms: [propext, Classical.choice, Quot.sound]
info: RequestProject/Spine/Closure/AxiomAudit.lean:117:0: 'Task37.Deformation.loopSolderSolutionSpace_correspondence' depends on axioms: [propext, Classical.choice, Quot.sound]
info: RequestProject/Spine/Closure/AxiomAudit.lean:118:0: 'Closure.local_core_certificate' depends on axioms: [propext, Classical.choice, Quot.sound]
info: RequestProject/Spine/Closure/AxiomAudit.lean:119:0: 'Closure.global_layer_certificate' depends on axioms: [propext, Classical.choice, Quot.sound]
info: RequestProject/Spine/Closure/AxiomAudit.lean:120:0: 'Closure.fixed_cover_lift_freedom_certificate' depends on axioms: [propext, Classical.choice, Quot.sound]
info: RequestProject/Spine/Closure/AxiomAudit.lean:121:0: 'Closure.smoketest_certificate' depends on axioms: [propext, Classical.choice, Quot.sound]
info: RequestProject/Spine/Closure/AxiomAudit.lean:122:0: 'Closure.intermediate_milestone_certificate' depends on axioms: [propext, Classical.choice, Quot.sound]
ℹ [8347/8356] Built RequestProject.Spine.E2.AtlasChange.Task32 (31s)
info: RequestProject/Spine/E2/AtlasChange/Task32.lean:90:0: 'NullSectorTask32.bareOf' depends on axioms: [propext, Classical.choice, Quot.sound]
info: RequestProject/Spine/E2/AtlasChange/Task32.lean:91:0: 'NullSectorTask32.presentationOf' depends on axioms: [propext, Classical.choice, Quot.sound]
info: RequestProject/Spine/E2/AtlasChange/Task32.lean:92:0: 'NullSectorTask32.ordinarySystem' depends on axioms: [propext, Classical.choice, Quot.sound]
info: RequestProject/Spine/E2/AtlasChange/Task32.lean:93:0: 'NullSectorTask32.ordinarySystem_eq' depends on axioms: [propext, Classical.choice, Quot.sound]
info: RequestProject/Spine/E2/AtlasChange/Task32.lean:94:0: 'NullSectorTask32.presentedFamily_bareOf_presentationOf' depends on axioms: [propext, Classical.choice, Quot.sound]
info: RequestProject/Spine/E2/AtlasChange/Task32.lean:97:0: 'NullSectorTask32.chartGauge' depends on axioms: [propext, Classical.choice, Quot.sound]
info: RequestProject/Spine/E2/AtlasChange/Task32.lean:98:0: 'NullSectorTask32.chartGauge_self' depends on axioms: [propext, Classical.choice, Quot.sound]
info: RequestProject/Spine/E2/AtlasChange/Task32.lean:99:0: 'NullSectorTask32.chartGauge_symm' depends on axioms: [propext, Classical.choice, Quot.sound]
info: RequestProject/Spine/E2/AtlasChange/Task32.lean:100:0: 'NullSectorTask32.chartGauge_comp' depends on axioms: [propext, Classical.choice, Quot.sound]
info: RequestProject/Spine/E2/AtlasChange/Task32.lean:101:0: 'NullSectorTask32.chartChange_transition_law' depends on axioms: [propext, Classical.choice, Quot.sound]
info: RequestProject/Spine/E2/AtlasChange/Task32.lean:102:0: 'NullSectorTask32.chartChange_tripleOverlap_compatible' depends on axioms: [propext, Classical.choice, Quot.sound]
info: RequestProject/Spine/E2/AtlasChange/Task32.lean:103:0: 'NullSectorTask32.JointOrdinaryAtlas.continuous_gauge' depends on axioms: [propext, Classical.choice, Quot.sound]
info: RequestProject/Spine/E2/AtlasChange/Task32.lean:104:0: 'NullSectorTask32.JointOrdinaryAtlas.gauge_self' depends on axioms: [propext, Classical.choice, Quot.sound]
info: RequestProject/Spine/E2/AtlasChange/Task32.lean:105:0: 'NullSectorTask32.JointOrdinaryAtlas.gauge_symm' depends on axioms: [propext, Classical.choice, Quot.sound]
info: RequestProject/Spine/E2/AtlasChange/Task32.lean:106:0: 'NullSectorTask32.JointOrdinaryAtlas.gauge_comp' depends on axioms: [propext, Classical.choice, Quot.sound]
info: RequestProject/Spine/E2/AtlasChange/Task32.lean:107:0: 'NullSectorTask32.JointOrdinaryAtlas.transition_gauge_law' depends on axioms: [propext, Classical.choice, Quot.sound]
info: RequestProject/Spine/E2/AtlasChange/Task32.lean:108:0: 'NullSectorTask32.ordinaryChartGaugeEquivalent_refl' depends on axioms: [propext, Classical.choice, Quot.sound]
info: RequestProject/Spine/E2/AtlasChange/Task32.lean:109:0: 'NullSectorTask32.ordinaryChartGaugeEquivalent_symm' depends on axioms: [propext, Classical.choice, Quot.sound]
info: RequestProject/Spine/E2/AtlasChange/Task32.lean:110:0: 'NullSectorTask32.ordinaryChartGaugeEquivalent_trans' depends on axioms: [propext, Classical.choice, Quot.sound]
info: RequestProject/Spine/E2/AtlasChange/Task32.lean:113:0: 'NullSectorTask32.OrdinaryCoverRefinement.atlas' depends on axioms: [propext, Classical.choice, Quot.sound]
info: RequestProject/Spine/E2/AtlasChange/Task32.lean:114:0: 'NullSectorTask32.OrdinaryCoverRefinement.transitionFun_eq' depends on axioms: [propext, Classical.choice, Quot.sound]
info: RequestProject/Spine/E2/AtlasChange/Task32.lean:115:0: 'NullSectorTask32.OrdinaryCoverRefinement.atlas_idRefinement' depends on axioms: [propext, Classical.choice, Quot.sound]
info: RequestProject/Spine/E2/AtlasChange/Task32.lean:116:0: 'NullSectorTask32.OrdinaryCoverRefinement.atlas_comp' depends on axioms: [propext, Classical.choice, Quot.sound]
info: RequestProject/Spine/E2/AtlasChange/Task32.lean:117:0: 'NullSectorTask32.OrdinaryCoverRefinement.transitionFun_comp' depends on axioms: [propext, Classical.choice, Quot.sound]
info: RequestProject/Spine/E2/AtlasChange/Task32.lean:118:0: 'NullSectorTask32.commonRefinement_domains' depends on axioms: [propext, Classical.choice, Quot.sound]
info: RequestProject/Spine/E2/AtlasChange/Task32.lean:121:0: 'NullSectorTask32.ordinaryAtlasEquivalent_equivalence' depends on axioms: [propext, Classical.choice, Quot.sound]
info: RequestProject/Spine/E2/AtlasChange/Task32.lean:122:0: 'NullSectorTask32.ordinaryAtlasEquivalent_commonRefinement' depends on axioms: [propext, Classical.choice, Quot.sound]
info: RequestProject/Spine/E2/AtlasChange/Task32.lean:125:0: 'NullSectorTask32.DirectAtlasLiftable' depends on axioms: [propext, Classical.choice, Quot.sound]
info: RequestProject/Spine/E2/AtlasChange/Task32.lean:126:0: 'NullSectorTask32.FamilyLiftable' depends on axioms: [propext, Classical.choice, Quot.sound]
info: RequestProject/Spine/E2/AtlasChange/Task32.lean:127:0: 'NullSectorTask32.familyLiftable_of_directAtlasLiftable' depends on axioms: [propext, Classical.choice, Quot.sound]
info: RequestProject/Spine/E2/AtlasChange/Task32.lean:128:0: 'NullSectorTask32.familyLiftable_depends_only_on_bare' depends on axioms: [propext, Classical.choice, Quot.sound]
info: RequestProject/Spine/E2/AtlasChange/Task32.lean:129:0: 'NullSectorTask32.directAtlasLiftable_refine' depends on axioms: [propext, Classical.choice, Quot.sound]
info: RequestProject/Spine/E2/AtlasChange/Task32.lean:130:0: 'NullSectorTask32.refinementLiftable_of_directAtlasLiftable' depends on axioms: [propext, Classical.choice, Quot.sound]
info: RequestProject/Spine/E2/AtlasChange/Task32.lean:131:0: 'NullSectorTask32.familyLiftable_of_refinementLiftable' depends on axioms: [propext, Classical.choice, Quot.sound]
info: RequestProject/Spine/E2/AtlasChange/Task32.lean:132:0: 'NullSectorTask32.refinementLiftable_of_refine' depends on axioms: [propext, Classical.choice, Quot.sound]
info: RequestProject/Spine/E2/AtlasChange/Task32.lean:135:0: 'NullSectorTask32.gaugedSystem' depends on axioms: [propext, Classical.choice, Quot.sound]
info: RequestProject/Spine/E2/AtlasChange/Task32.lean:136:0: 'NullSectorTask32.InternallyLiftableOrdinaryGauge' depends on axioms: [propext, Classical.choice, Quot.sound]
info: RequestProject/Spine/E2/AtlasChange/Task32.lean:137:0: 'NullSectorTask32.internalLiftable_gaugedSystem' depends on axioms: [propext, Classical.choice, Quot.sound]
info: RequestProject/Spine/E2/AtlasChange/Task32.lean:138:0: 'NullSectorTask32.ofOrdinary_atlas_eq_gaugedSystem' depends on axioms: [propext, Classical.choice, Quot.sound]
info: RequestProject/Spine/E2/AtlasChange/Task32.lean:139:0: 'NullSectorTask32.directAtlasLiftable_gauge_transfer' depends on axioms: [propext, Classical.choice, Quot.sound]
info: RequestProject/Spine/E2/AtlasChange/Task32.lean:140:0: 'NullSectorTask32.tripleDefect_conjugation' depends on axioms: [propext, Classical.choice, Quot.sound]
info: RequestProject/Spine/E2/AtlasChange/Task32.lean:141:0: 'NullSectorTask32.gauge_lift_difference_mem_ker' depends on axioms: [propext, Classical.choice, Quot.sound]
info: RequestProject/Spine/E2/AtlasChange/Task32.lean:142:0: 'NullSectorTask32.conjugation_kernel_change' depends on axioms: [propext, Classical.choice, Quot.sound]
info: RequestProject/Spine/E2/AtlasChange/Task32.lean:146:0: 'NullSectorTask32.FamilyKernelDefectNeutral' depends on axioms: [propext, Classical.choice, Quot.sound]
info: RequestProject/Spine/E2/AtlasChange/Task32.lean:147:0: 'NullSectorTask32.familyLiftable_iff_familyKernelDefectNeutral' depends on axioms: [propext,
 Classical.choice,
 Quot.sound]
info: RequestProject/Spine/E2/AtlasChange/Task32.lean:148:0: 'NullSectorTask32.familyKernelDefectNeutral_witness_independent' depends on axioms: [propext,
 Classical.choice,
 Quot.sound]
info: RequestProject/Spine/E2/AtlasChange/Task32.lean:149:0: 'NullSectorTask32.familyKernelDefectNeutral_atlasEquivalence_invariant' depends on axioms: [propext,
 Classical.choice,
 Quot.sound]
info: RequestProject/Spine/E2/AtlasChange/Task32.lean:150:0: 'NullSectorTask32.familyKernelDefectNeutral_refinement_invariant' depends on axioms: [propext,
 Classical.choice,
 Quot.sound]
info: RequestProject/Spine/E2/AtlasChange/Task32.lean:151:0: 'NullSectorTask32.refinementLiftable_imp_familyKernelDefectNeutral' depends on axioms: [propext,
 Classical.choice,
 Quot.sound]
info: RequestProject/Spine/E2/AtlasChange/Task32.lean:154:0: 'NullSectorTask32.familyLiftable_constructs_globalTwofoldInternalFrameLift' depends on axioms: [propext,
 Classical.choice,
 Quot.sound]
info: RequestProject/Spine/E2/AtlasChange/Task32.lean:155:0: 'NullSectorTask32.UniversalFamilyLiftability' depends on axioms: [propext, Classical.choice, Quot.sound]
info: RequestProject/Spine/E2/AtlasChange/Task32.lean:156:0: 'NullSectorTask32.task32_verdictC_classification' depends on axioms: [propext, Classical.choice, Quot.sound]
info: RequestProject/Spine/E2/AtlasChange/Task32.lean:159:0: 'NullSectorTask32.task32_ordinary_presentation_layer' depends on axioms: [propext, Classical.choice, Quot.sound]
info: RequestProject/Spine/E2/AtlasChange/Task32.lean:160:0: 'NullSectorTask32.task32_family_level_classification' depends on axioms: [propext, Classical.choice, Quot.sound]
ℹ [8348/8356] Built RequestProject.Spine.E2.Core (13s)
info: RequestProject/Spine/E2/Core.lean:60:0: 'NullSectorTask28.InternalProjection' depends on axioms: [propext, Classical.choice, Quot.sound]
info: RequestProject/Spine/E2/Core.lean:61:0: 'NullSectorTask32.FamilyLiftable' depends on axioms: [propext, Classical.choice, Quot.sound]
info: RequestProject/Spine/E2/Core.lean:62:0: 'NullSectorTask32.FamilyKernelDefectNeutral' depends on axioms: [propext, Classical.choice, Quot.sound]
info: RequestProject/Spine/E2/Core.lean:63:0: 'NullSectorTask32.familyLiftable_iff_familyKernelDefectNeutral' depends on axioms: [propext,
 Classical.choice,
 Quot.sound]
info: RequestProject/Spine/E2/Core.lean:64:0: 'NullSectorTask32.task32_verdictC_classification' depends on axioms: [propext, Classical.choice, Quot.sound]
info: RequestProject/Spine/E2/Core.lean:65:0: 'NullSectorTask32.task32_ordinary_presentation_layer' depends on axioms: [propext, Classical.choice, Quot.sound]
info: RequestProject/Spine/E2/Core.lean:66:0: 'NullSectorTask32.task32_family_level_classification' depends on axioms: [propext, Classical.choice, Quot.sound]
✔ [8349/8356] Built RequestProject.Spine.Core (9.9s)
ℹ [8350/8356] Built RequestProject.Spine.Controls.E2.FamilyDefectControl (25s)
info: RequestProject/Spine/Controls/E2/FamilyDefectControl.lean:115:0: 'NullSectorTask32.GoodBad.same_underlying_bare_family' depends on axioms: [propext, Classical.choice, Quot.sound]
info: RequestProject/Spine/Controls/E2/FamilyDefectControl.lean:116:0: 'NullSectorTask32.GoodBad.gauge_zero' depends on axioms: [propext, Classical.choice, Quot.sound]
info: RequestProject/Spine/Controls/E2/FamilyDefectControl.lean:117:0: 'NullSectorTask32.GoodBad.gauge_one' depends on axioms: [propext, Classical.choice, Quot.sound]
info: RequestProject/Spine/Controls/E2/FamilyDefectControl.lean:118:0: 'NullSectorTask32.GoodBad.ordinaryChartGaugeEquivalent_trivial_bad' depends on axioms: [propext,
 Classical.choice,
 Quot.sound]
info: RequestProject/Spine/Controls/E2/FamilyDefectControl.lean:119:0: 'NullSectorTask32.GoodBad.ordinaryAtlasEquivalent_trivial_bad' depends on axioms: [propext,
 Classical.choice,
 Quot.sound]
info: RequestProject/Spine/Controls/E2/FamilyDefectControl.lean:120:0: 'NullSectorTask32.GoodBad.transition_gauge_law_trivial_bad' depends on axioms: [propext, Classical.choice, Quot.sound]
info: RequestProject/Spine/Controls/E2/FamilyDefectControl.lean:121:0: 'NullSectorTask32.GoodBad.trivialAtlas_directAtlasLiftable' depends on axioms: [propext, Classical.choice, Quot.sound]
info: RequestProject/Spine/Controls/E2/FamilyDefectControl.lean:122:0: 'NullSectorTask32.GoodBad.badAtlas_not_directAtlasLiftable' depends on axioms: [propext, Classical.choice, Quot.sound]
info: RequestProject/Spine/Controls/E2/FamilyDefectControl.lean:123:0: 'NullSectorTask32.GoodBad.fixedPresentation_neutrality_not_familyInvariant' depends on axioms: [propext,
 Classical.choice,
 Quot.sound]
info: RequestProject/Spine/Controls/E2/FamilyDefectControl.lean:124:0: 'NullSectorTask32.GoodBad.goodBadGauge_not_internallyLiftable' depends on axioms: [propext,
 Classical.choice,
 Quot.sound]
info: RequestProject/Spine/Controls/E2/FamilyDefectControl.lean:125:0: 'NullSectorTask32.GoodBad.badFamilyBase_familyLiftable' depends on axioms: [propext, Classical.choice, Quot.sound]
info: RequestProject/Spine/Controls/E2/FamilyDefectControl.lean:126:0: 'NullSectorTask32.GoodBad.badAtlas_not_liftable_and_family_liftable' depends on axioms: [propext,
 Classical.choice,
 Quot.sound]
info: RequestProject/Spine/Controls/E2/FamilyDefectControl.lean:127:0: 'NullSectorTask32.GoodBad.directLiftability_refinement_converse_refuted' depends on axioms: [propext,
 Classical.choice,
 Quot.sound]
info: RequestProject/Spine/Controls/E2/FamilyDefectControl.lean:128:0: 'NullSectorTask32.GoodBad.badAtlas_refinementLiftable' depends on axioms: [propext, Classical.choice, Quot.sound]
info: RequestProject/Spine/Controls/E2/FamilyDefectControl.lean:129:0: 'NullSectorTask32.GoodBad.task31_bad_control_repaired' depends on axioms: [propext, Classical.choice, Quot.sound]
info: RequestProject/Spine/Controls/E2/FamilyDefectControl.lean:130:0: 'NullSectorTask32.badFamilyBase_familyKernelDefectNeutral' depends on axioms: [propext, Classical.choice, Quot.sound]
info: RequestProject/Spine/Controls/E2/FamilyDefectControl.lean:131:0: 'NullSectorTask32.presentationLevel_nonNeutral_with_familyLevel_neutral' depends on axioms: [propext,
 Classical.choice,
 Quot.sound]
info: RequestProject/Spine/Controls/E2/FamilyDefectControl.lean:132:0: 'NullSectorTask32.task31_family_is_positive_evidence' depends on axioms: [propext, Classical.choice, Quot.sound]
info: RequestProject/Spine/Controls/E2/FamilyDefectControl.lean:133:0: 'NullSectorTask32.task32_verdictC_content' depends on axioms: [propext, Classical.choice, Quot.sound]
info: RequestProject/Spine/Controls/E2/FamilyDefectControl.lean:134:0: 'NullSectorTask32.task32_closure' depends on axioms: [propext, Classical.choice, Quot.sound]
ℹ [8351/8356] Built RequestProject.CombinedDemo (12s)
info: RequestProject/CombinedDemo.lean:43:0: 'CombinedDemo.spine_e1_spin_double_cover' depends on axioms: [propext, Classical.choice, Quot.sound]
info: RequestProject/CombinedDemo.lean:44:0: 'CombinedDemo.spine_e2_family_classification' depends on axioms: [propext, Classical.choice, Quot.sound]
ℹ [8352/8356] Built RequestProject.Spine.Audit.Firewall (80s)
info: RequestProject/Spine/Audit/Firewall.lean:269:0: Spine external-project imports: 0 (prefixes checked: 7)
info: RequestProject/Spine/Audit/Firewall.lean:269:0: Spine modules audited: 176
Spine direct legacy imports:
Experiment1 = 0
Experiment2 = 0
Spine transitive legacy imports:
Experiment1 = 0
Experiment2 = 0
info: RequestProject/Spine/Audit/Firewall.lean:269:0: endpoint RequestProject.Spine.Core: direct project-local imports 11, project-local closure 168, direct legacy imports E1 = 0, E2 = 0, transitive legacy imports E1 = 0, E2 = 0
info: RequestProject/Spine/Audit/Firewall.lean:269:0: endpoint RequestProject.Spine.E1.Core: direct project-local imports 3, project-local closure 30, direct legacy imports E1 = 0, E2 = 0, transitive legacy imports E1 = 0, E2 = 0
info: RequestProject/Spine/Audit/Firewall.lean:269:0: endpoint RequestProject.Spine.E1.SL2Comparison: direct project-local imports 2, project-local closure 23, direct legacy imports E1 = 0, E2 = 0, transitive legacy imports E1 = 0, E2 = 0
info: RequestProject/Spine/Audit/Firewall.lean:269:0: endpoint RequestProject.Spine.E1.Topology.Core: direct project-local imports 2, project-local closure 27, direct legacy imports E1 = 0, E2 = 0, transitive legacy imports E1 = 0, E2 = 0
info: RequestProject/Spine/Audit/Firewall.lean:269:0: endpoint RequestProject.Spine.E2.Core: direct project-local imports 1, project-local closure 66, direct legacy imports E1 = 0, E2 = 0, transitive legacy imports E1 = 0, E2 = 0
info: RequestProject/Spine/Audit/Firewall.lean:269:0: endpoint RequestProject.Spine.E2.SpinProjection: direct project-local imports 2, project-local closure 28, direct legacy imports E1 = 0, E2 = 0, transitive legacy imports E1 = 0, E2 = 0
info: RequestProject/Spine/Audit/Firewall.lean:269:0: endpoint RequestProject.Spine.E2.SpinProjectionIntegration: direct project-local imports 2, project-local closure 53, direct legacy imports E1 = 0, E2 = 0, transitive legacy imports E1 = 0, E2 = 0
info: RequestProject/Spine/Audit/Firewall.lean:269:0: endpoint RequestProject.Spine.E2.Topology.Task27: direct project-local imports 1, project-local closure 17, direct legacy imports E1 = 0, E2 = 0, transitive legacy imports E1 = 0, E2 = 0
info: RequestProject/Spine/Audit/Firewall.lean:269:0: endpoint RequestProject.Spine.E2.Descent.Task29: direct project-local imports 1, project-local closure 35, direct legacy imports E1 = 0, E2 = 0, transitive legacy imports E1 = 0, E2 = 0
info: RequestProject/Spine/Audit/Firewall.lean:269:0: endpoint RequestProject.Spine.E2.Global.Task30: direct project-local imports 1, project-local closure 47, direct legacy imports E1 = 0, E2 = 0, transitive legacy imports E1 = 0, E2 = 0
info: RequestProject/Spine/Audit/Firewall.lean:269:0: endpoint RequestProject.Spine.E2.Defect.Task31: direct project-local imports 1, project-local closure 57, direct legacy imports E1 = 0, E2 = 0, transitive legacy imports E1 = 0, E2 = 0
info: RequestProject/Spine/Audit/Firewall.lean:269:0: endpoint RequestProject.Spine.E2.AtlasChange.Task32: direct project-local imports 1, project-local closure 65, direct legacy imports E1 = 0, E2 = 0, transitive legacy imports E1 = 0, E2 = 0
info: RequestProject/Spine/Audit/Firewall.lean:269:0: endpoint RequestProject.Spine.E2.Cech.Core: direct project-local imports 1, project-local closure 58, direct legacy imports E1 = 0, E2 = 0, transitive legacy imports E1 = 0, E2 = 0
info: RequestProject/Spine/Audit/Firewall.lean:269:0: endpoint RequestProject.Spine.E2.Cech.SpinInstance: direct project-local imports 2, project-local closure 57, direct legacy imports E1 = 0, E2 = 0, transitive legacy imports E1 = 0, E2 = 0
info: RequestProject/Spine/Audit/Firewall.lean:269:0: endpoint RequestProject.Spine.Controls.CircleDoubleCover: direct project-local imports 1, project-local closure 21, direct legacy imports E1 = 0, E2 = 0, transitive legacy imports E1 = 0, E2 = 0
info: RequestProject/Spine/Audit/Firewall.lean:269:0: endpoint RequestProject.Spine.Controls.E2.CechObstructionControl: direct project-local imports 1, project-local closure 59, direct legacy imports E1 = 0, E2 = 0, transitive legacy imports E1 = 0, E2 = 0
info: RequestProject/Spine/Audit/Firewall.lean:269:0: endpoint RequestProject.Spine.Controls.E2.NativeLiftControl: direct project-local imports 2, project-local closure 54, direct legacy imports E1 = 0, E2 = 0, transitive legacy imports E1 = 0, E2 = 0
info: RequestProject/Spine/Audit/Firewall.lean:269:0: endpoint RequestProject.Spine.Controls.E2.GoodBadAtlas: direct project-local imports 1, project-local closure 63, direct legacy imports E1 = 0, E2 = 0, transitive legacy imports E1 = 0, E2 = 0
info: RequestProject/Spine/Audit/Firewall.lean:269:0: endpoint RequestProject.Spine.Controls.E2.FamilyDefectControl: direct project-local imports 2, project-local closure 67, direct legacy imports E1 = 0, E2 = 0, transitive legacy imports E1 = 0, E2 = 0
info: RequestProject/Spine/Audit/Firewall.lean:269:0: endpoint RequestProject.Spine.Controls.E2.DescentCounterexample: direct project-local imports 1, project-local closure 29, direct legacy imports E1 = 0, E2 = 0, transitive legacy imports E1 = 0, E2 = 0
info: RequestProject/Spine/Audit/Firewall.lean:269:0: endpoint RequestProject.Spine.Geometry.Core: direct project-local imports 2, project-local closure 63, direct legacy imports E1 = 0, E2 = 0, transitive legacy imports E1 = 0, E2 = 0
info: RequestProject/Spine/Audit/Firewall.lean:269:0: endpoint RequestProject.Spine.Geometry.FrameField: direct project-local imports 3, project-local closure 36, direct legacy imports E1 = 0, E2 = 0, transitive legacy imports E1 = 0, E2 = 0
info: RequestProject/Spine/Audit/Firewall.lean:269:0: endpoint RequestProject.Spine.Geometry.SpinStructure: direct project-local imports 2, project-local closure 60, direct legacy imports E1 = 0, E2 = 0, transitive legacy imports E1 = 0, E2 = 0
info: RequestProject/Spine/Audit/Firewall.lean:269:0: endpoint RequestProject.Spine.Geometry.TangentInstance: direct project-local imports 1, project-local closure 61, direct legacy imports E1 = 0, E2 = 0, transitive legacy imports E1 = 0, E2 = 0
info: RequestProject/Spine/Audit/Firewall.lean:269:0: endpoint RequestProject.Spine.Geometry.Z2Class: direct project-local imports 1, project-local closure 61, direct legacy imports E1 = 0, E2 = 0, transitive legacy imports E1 = 0, E2 = 0
info: RequestProject/Spine/Audit/Firewall.lean:269:0: endpoint RequestProject.Spine.Controls.Geometry.FlatFrameControl: direct project-local imports 1, project-local closure 62, direct legacy imports E1 = 0, E2 = 0, transitive legacy imports E1 = 0, E2 = 0
info: RequestProject/Spine/Audit/Firewall.lean:269:0: endpoint RequestProject.Spine.Cohomology.Core: direct project-local imports 11, project-local closure 40, direct legacy imports E1 = 0, E2 = 0, transitive legacy imports E1 = 0, E2 = 0
info: RequestProject/Spine/Audit/Firewall.lean:269:0: endpoint RequestProject.Spine.Cohomology.Cochain: direct project-local imports 0, project-local closure 1, direct legacy imports E1 = 0, E2 = 0, transitive legacy imports E1 = 0, E2 = 0
info: RequestProject/Spine/Audit/Firewall.lean:269:0: endpoint RequestProject.Spine.Cohomology.Coboundary: direct project-local imports 1, project-local closure 2, direct legacy imports E1 = 0, E2 = 0, transitive legacy imports E1 = 0, E2 = 0
info: RequestProject/Spine/Audit/Firewall.lean:269:0: endpoint RequestProject.Spine.Cohomology.Cohomology: direct project-local imports 1, project-local closure 3, direct legacy imports E1 = 0, E2 = 0, transitive legacy imports E1 = 0, E2 = 0
info: RequestProject/Spine/Audit/Firewall.lean:269:0: endpoint RequestProject.Spine.Cohomology.Functorial: direct project-local imports 1, project-local closure 4, direct legacy imports E1 = 0, E2 = 0, transitive legacy imports E1 = 0, E2 = 0
info: RequestProject/Spine/Audit/Firewall.lean:269:0: endpoint RequestProject.Spine.Cohomology.Cup: direct project-local imports 1, project-local closure 5, direct legacy imports E1 = 0, E2 = 0, transitive legacy imports E1 = 0, E2 = 0
info: RequestProject/Spine/Audit/Firewall.lean:269:0: endpoint RequestProject.Spine.Cohomology.CupDescent: direct project-local imports 2, project-local closure 7, direct legacy imports E1 = 0, E2 = 0, transitive legacy imports E1 = 0, E2 = 0
info: RequestProject/Spine/Audit/Firewall.lean:269:0: endpoint RequestProject.Spine.Cohomology.CechBridgeSpec: direct project-local imports 2, project-local closure 36, direct legacy imports E1 = 0, E2 = 0, transitive legacy imports E1 = 0, E2 = 0
info: RequestProject/Spine/Audit/Firewall.lean:269:0: endpoint RequestProject.Spine.Cech.Core: direct project-local imports 11, project-local closure 86, direct legacy imports E1 = 0, E2 = 0, transitive legacy imports E1 = 0, E2 = 0
info: RequestProject/Spine/Audit/Firewall.lean:269:0: endpoint RequestProject.Spine.Cech.Cochain: direct project-local imports 0, project-local closure 1, direct legacy imports E1 = 0, E2 = 0, transitive legacy imports E1 = 0, E2 = 0
info: RequestProject/Spine/Audit/Firewall.lean:269:0: endpoint RequestProject.Spine.Cech.Coboundary: direct project-local imports 1, project-local closure 2, direct legacy imports E1 = 0, E2 = 0, transitive legacy imports E1 = 0, E2 = 0
info: RequestProject/Spine/Audit/Firewall.lean:269:0: endpoint RequestProject.Spine.Cech.Cohomology: direct project-local imports 1, project-local closure 3, direct legacy imports E1 = 0, E2 = 0, transitive legacy imports E1 = 0, E2 = 0
info: RequestProject/Spine/Audit/Firewall.lean:269:0: endpoint RequestProject.Spine.Cech.Refinement: direct project-local imports 1, project-local closure 4, direct legacy imports E1 = 0, E2 = 0, transitive legacy imports E1 = 0, E2 = 0
info: RequestProject/Spine/Audit/Firewall.lean:269:0: endpoint RequestProject.Spine.Cech.CoverNerve: direct project-local imports 2, project-local closure 29, direct legacy imports E1 = 0, E2 = 0, transitive legacy imports E1 = 0, E2 = 0
info: RequestProject/Spine/Audit/Firewall.lean:269:0: endpoint RequestProject.Spine.Cech.KernelSign: direct project-local imports 2, project-local closure 31, direct legacy imports E1 = 0, E2 = 0, transitive legacy imports E1 = 0, E2 = 0
info: RequestProject/Spine/Audit/Firewall.lean:269:0: endpoint RequestProject.Spine.Cech.SpinKernelSign: direct project-local imports 2, project-local closure 66, direct legacy imports E1 = 0, E2 = 0, transitive legacy imports E1 = 0, E2 = 0
info: RequestProject/Spine/Audit/Firewall.lean:269:0: endpoint RequestProject.Spine.Cech.SpinCocycle: direct project-local imports 3, project-local closure 65, direct legacy imports E1 = 0, E2 = 0, transitive legacy imports E1 = 0, E2 = 0
info: RequestProject/Spine/Audit/Firewall.lean:269:0: endpoint RequestProject.Spine.Cech.Comparison: direct project-local imports 1, project-local closure 66, direct legacy imports E1 = 0, E2 = 0, transitive legacy imports E1 = 0, E2 = 0
info: RequestProject/Spine/Audit/Firewall.lean:269:0: endpoint RequestProject.Spine.Cech.SpinInstance: direct project-local imports 2, project-local closure 72, direct legacy imports E1 = 0, E2 = 0, transitive legacy imports E1 = 0, E2 = 0
info: RequestProject/Spine/Audit/Firewall.lean:269:0: endpoint RequestProject.Spine.Cech.SingularBridgeSpec: direct project-local imports 2, project-local closure 85, direct legacy imports E1 = 0, E2 = 0, transitive legacy imports E1 = 0, E2 = 0
info: RequestProject/Spine/Audit/Firewall.lean:269:0: endpoint RequestProject.Spine.GoodCover.Core: direct project-local imports 12, project-local closure 99, direct legacy imports E1 = 0, E2 = 0, transitive legacy imports E1 = 0, E2 = 0
info: RequestProject/Spine/Audit/Firewall.lean:269:0: endpoint RequestProject.Spine.GoodCover.Presimplicial: direct project-local imports 0, project-local closure 1, direct legacy imports E1 = 0, E2 = 0, transitive legacy imports E1 = 0, E2 = 0
info: RequestProject/Spine/Audit/Firewall.lean:269:0: endpoint RequestProject.Spine.GoodCover.NerveIdentification: direct project-local imports 2, project-local closure 5, direct legacy imports E1 = 0, E2 = 0, transitive legacy imports E1 = 0, E2 = 0
info: RequestProject/Spine/Audit/Firewall.lean:269:0: endpoint RequestProject.Spine.GoodCover.GoodCover: direct project-local imports 1, project-local closure 2, direct legacy imports E1 = 0, E2 = 0, transitive legacy imports E1 = 0, E2 = 0
info: RequestProject/Spine/Audit/Firewall.lean:269:0: endpoint RequestProject.Spine.GoodCover.PointCohomology: direct project-local imports 1, project-local closure 4, direct legacy imports E1 = 0, E2 = 0, transitive legacy imports E1 = 0, E2 = 0
info: RequestProject/Spine/Audit/Firewall.lean:269:0: endpoint RequestProject.Spine.GoodCover.AcyclicCover: direct project-local imports 2, project-local closure 7, direct legacy imports E1 = 0, E2 = 0, transitive legacy imports E1 = 0, E2 = 0
info: RequestProject/Spine/Audit/Firewall.lean:269:0: endpoint RequestProject.Spine.GoodCover.ManifoldCovers: direct project-local imports 2, project-local closure 64, direct legacy imports E1 = 0, E2 = 0, transitive legacy imports E1 = 0, E2 = 0
info: RequestProject/Spine/Audit/Firewall.lean:269:0: endpoint RequestProject.Spine.GoodCover.Constancy: direct project-local imports 2, project-local closure 79, direct legacy imports E1 = 0, E2 = 0, transitive legacy imports E1 = 0, E2 = 0
info: RequestProject/Spine/Audit/Firewall.lean:269:0: endpoint RequestProject.Spine.GoodCover.SingularComparisonSpec: direct project-local imports 4, project-local closure 94, direct legacy imports E1 = 0, E2 = 0, transitive legacy imports E1 = 0, E2 = 0
info: RequestProject/Spine/Audit/Firewall.lean:269:0: endpoint RequestProject.Spine.GoodCover.W2Interface: direct project-local imports 1, project-local closure 95, direct legacy imports E1 = 0, E2 = 0, transitive legacy imports E1 = 0, E2 = 0
info: RequestProject/Spine/Audit/Firewall.lean:269:0: endpoint RequestProject.Spine.Nerve.Core: direct project-local imports 3, project-local closure 113, direct legacy imports E1 = 0, E2 = 0, transitive legacy imports E1 = 0, E2 = 0
info: RequestProject/Spine/Audit/Firewall.lean:269:0: endpoint RequestProject.Spine.Nerve.Basic.Cover: direct project-local imports 1, project-local closure 6, direct legacy imports E1 = 0, E2 = 0, transitive legacy imports E1 = 0, E2 = 0
info: RequestProject/Spine/Audit/Firewall.lean:269:0: endpoint RequestProject.Spine.Nerve.Cochain.CochainComparison: direct project-local imports 1, project-local closure 7, direct legacy imports E1 = 0, E2 = 0, transitive legacy imports E1 = 0, E2 = 0
info: RequestProject/Spine/Audit/Firewall.lean:269:0: endpoint RequestProject.Spine.Nerve.Basic.Realization: direct project-local imports 2, project-local closure 10, direct legacy imports E1 = 0, E2 = 0, transitive legacy imports E1 = 0, E2 = 0
info: RequestProject/Spine/Audit/Firewall.lean:269:0: endpoint RequestProject.Spine.Nerve.Basic.ChainMap: direct project-local imports 1, project-local closure 11, direct legacy imports E1 = 0, E2 = 0, transitive legacy imports E1 = 0, E2 = 0
info: RequestProject/Spine/Audit/Firewall.lean:269:0: endpoint RequestProject.Spine.Nerve.Cochain.CochainMap: direct project-local imports 2, project-local closure 13, direct legacy imports E1 = 0, E2 = 0, transitive legacy imports E1 = 0, E2 = 0
info: RequestProject/Spine/Audit/Firewall.lean:269:0: endpoint RequestProject.Spine.Nerve.Cochain.ComparisonSpec: direct project-local imports 2, project-local closure 103, direct legacy imports E1 = 0, E2 = 0, transitive legacy imports E1 = 0, E2 = 0
info: RequestProject/Spine/Audit/Firewall.lean:269:0: control OK: RequestProject.Spine.Controls.E2.NativeLiftControl does import RequestProject.Spine.E2.Defect.DefectNeutrality (audit is sensitive)
info: RequestProject/Spine/Audit/Firewall.lean:269:0: control OK: RequestProject.Spine.Controls.E2.FamilyDefectControl does import RequestProject.Spine.Controls.E2.GoodBadAtlas (audit is sensitive)
info: RequestProject/Spine/Audit/Firewall.lean:269:0: control OK: RequestProject.Spine.Controls.Geometry.FlatFrameControl does import RequestProject.Spine.Geometry.TangentInstance (audit is sensitive)
info: RequestProject/Spine/Audit/Firewall.lean:269:0: control OK: RequestProject.Spine.E2.SpinProjection does import RequestProject.Spine.E1.Topology.LocalSection (audit is sensitive)
info: RequestProject/Spine/Audit/Firewall.lean:269:0: control OK: RequestProject.Spine.E2.SpinProjection does import RequestProject.Spine.E2.CentralDoubleCover (audit is sensitive)
info: RequestProject/Spine/Audit/Firewall.lean:269:0: control OK: RequestProject.Spine.E1.SL2Comparison does import RequestProject.Spine.E1.SpinKernel (audit is sensitive)
info: RequestProject/Spine/Audit/Firewall.lean:269:0: control OK: RequestProject.Spine.E2.Cech.SpinInstance does import RequestProject.Spine.E2.SpinProjection (audit is sensitive)
info: RequestProject/Spine/Audit/Firewall.lean:269:0: control OK: RequestProject.Spine.E2.Cech.SpinInstance does import RequestProject.Spine.E2.Cech.Refinement (audit is sensitive)
info: RequestProject/Spine/Audit/Firewall.lean:269:0: control OK: RequestProject.Spine.Geometry.SpinStructure does import RequestProject.Spine.E2.Cech.SpinInstance (audit is sensitive)
info: RequestProject/Spine/Audit/Firewall.lean:269:0: control OK: RequestProject.Spine.Geometry.FrameField does import RequestProject.Spine.E2.Cech.Cover (audit is sensitive)
info: RequestProject/Spine/Audit/Firewall.lean:269:0: control OK: RequestProject.Spine.Cech.SpinCocycle does import RequestProject.Spine.E2.Cech.Core (audit is sensitive)
info: RequestProject/Spine/Audit/Firewall.lean:269:0: control OK: RequestProject.Spine.Cech.SpinCocycle does import RequestProject.Spine.Cech.Cohomology (audit is sensitive)
info: RequestProject/Spine/Audit/Firewall.lean:269:0: control OK: RequestProject.Spine.Cech.SpinInstance does import RequestProject.Spine.Cech.SpinKernelSign (audit is sensitive)
info: RequestProject/Spine/Audit/Firewall.lean:269:0: control OK: RequestProject.Spine.Cech.SingularBridgeSpec does import RequestProject.Spine.Cohomology.Core (audit is sensitive)
info: RequestProject/Spine/Audit/Firewall.lean:269:0: control OK: RequestProject.Spine.GoodCover.NerveIdentification does import RequestProject.Spine.Cech.Cohomology (audit is sensitive)
info: RequestProject/Spine/Audit/Firewall.lean:269:0: control OK: RequestProject.Spine.GoodCover.Constancy does import RequestProject.Spine.Cech.SpinInstance (audit is sensitive)
info: RequestProject/Spine/Audit/Firewall.lean:269:0: control OK: RequestProject.Spine.GoodCover.SingularComparisonSpec does import RequestProject.Spine.Cohomology.Core (audit is sensitive)
info: RequestProject/Spine/Audit/Firewall.lean:269:0: control OK: RequestProject.Spine.Nerve.Basic.Realization does import RequestProject.Spine.Cohomology.Cohomology (audit is sensitive)
info: RequestProject/Spine/Audit/Firewall.lean:269:0: control OK: RequestProject.Spine.Nerve.Cochain.CochainMap does import RequestProject.Spine.Nerve.Basic.Realization (audit is sensitive)
info: RequestProject/Spine/Audit/Firewall.lean:269:0: control OK: RequestProject.Spine.Nerve.Cochain.ComparisonSpec does import RequestProject.Spine.GoodCover.HardenedSpec (audit is sensitive)
info: RequestProject/Spine/Audit/Firewall.lean:269:0: control OK: RequestProject.Spine.Cohomology.CechBridgeSpec does import RequestProject.Spine.E2.Cech.Obstruction (audit is sensitive)
info: RequestProject/Spine/Audit/Firewall.lean:269:0: control OK: RequestProject.Spine.E2.Lift.TransitionLiftBase does import RequestProject.Spine.E2.Topology.Task27 (audit is sensitive)
info: RequestProject/Spine/Audit/Firewall.lean:269:0: control OK: RequestProject.Spine.E2.Defect.Task31 does import RequestProject.Spine.E2.Descent.Task29 (audit is sensitive)
info: RequestProject/Spine/Audit/Firewall.lean:269:0: control OK: NullSectorTask32.task32_closure does depend on NullSectorTask32.GoodBad.badAtlas (audit is sensitive)
info: RequestProject/Spine/Audit/Firewall.lean:269:0: proof-closure OK: SpinCore.lorentz_quadratic_form (closure 79) avoids 17 removed/control-only constants
info: RequestProject/Spine/Audit/Firewall.lean:269:0: proof-closure OK: SpinCore.mem_lorentz_group_iff (closure 156) avoids 17 removed/control-only constants
info: RequestProject/Spine/Audit/Firewall.lean:269:0: proof-closure OK: SpinCore.clifford_generator_square (closure 125) avoids 17 removed/control-only constants
info: RequestProject/Spine/Audit/Firewall.lean:269:0: proof-closure OK: SpinCore.paravector_norm (closure 234) avoids 17 removed/control-only constants
info: RequestProject/Spine/Audit/Firewall.lean:269:0: proof-closure OK: SpinCore.spin_double_cover_of_lorentz (closure 1450) avoids 17 removed/control-only constants
info: RequestProject/Spine/Audit/Firewall.lean:269:0: proof-closure OK: SpinCore.spin_double_cover_bundled (closure 1537) avoids 17 removed/control-only constants
info: RequestProject/Spine/Audit/Firewall.lean:269:0: proof-closure OK: SpinCore.spin_double_cover (closure 1514) avoids 17 removed/control-only constants
info: RequestProject/Spine/Audit/Firewall.lean:269:0: proof-closure OK: SpinCore.spin_double_cover_topological (closure 1736) avoids 17 removed/control-only constants
info: RequestProject/Spine/Audit/Firewall.lean:269:0: proof-closure OK: SpinCore.spin_double_cover_topological_endpoint (closure 1737) avoids 17 removed/control-only constants
info: RequestProject/Spine/Audit/Firewall.lean:269:0: proof-closure OK: SpinCore.spinCover_hasLocalSection (closure 1802) avoids 17 removed/control-only constants
info: RequestProject/Spine/Audit/Firewall.lean:269:0: proof-closure OK: SpinCore.intrinsic_spin_cover_local_two_sheets (closure 1905) avoids 17 removed/control-only constants
info: RequestProject/Spine/Audit/Firewall.lean:269:0: proof-closure OK: SpinCore.spin_double_cover_local_sections (closure 1913) avoids 17 removed/control-only constants
info: RequestProject/Spine/Audit/Firewall.lean:269:0: proof-closure OK: SpinCore.internalSpinProjection (closure 1891) avoids 17 removed/control-only constants
info: RequestProject/Spine/Audit/Firewall.lean:269:0: proof-closure OK: SpinCore.intrinsic_spin_internal_projection (closure 1893) avoids 17 removed/control-only constants
info: RequestProject/Spine/Audit/Firewall.lean:269:0: proof-closure OK: SpinCore.spin_levelB (closure 1930) avoids 17 removed/control-only constants
info: RequestProject/Spine/Audit/Firewall.lean:269:0: proof-closure OK: SpinCore.weyl_clifford_module (closure 486) avoids 17 removed/control-only constants
info: RequestProject/Spine/Audit/Firewall.lean:269:0: proof-closure OK: SpinCore.sl2_comparison (closure 1665) avoids 17 removed/control-only constants
info: RequestProject/Spine/Audit/Firewall.lean:269:0: proof-closure OK: NullSectorTask31.internalLiftable_iff_globalKernelDefect_neutral (closure 328) avoids 17 removed/control-only constants
info: RequestProject/Spine/Audit/Firewall.lean:269:0: proof-closure OK: NullSectorTask31.tautSystem_not_internalLiftable (closure 110) avoids 17 removed/control-only constants
info: RequestProject/Spine/Audit/Firewall.lean:269:0: proof-closure OK: NullSectorTask32.familyLiftable_iff_familyKernelDefectNeutral (closure 629) avoids 17 removed/control-only constants
info: RequestProject/Spine/Audit/Firewall.lean:269:0: proof-closure OK: NullSectorTask32.task32_verdictC_classification (closure 630) avoids 17 removed/control-only constants
info: RequestProject/Spine/Audit/Firewall.lean:269:0: proof-closure OK: NullSectorTask28.InternalProjection (closure 4) avoids 17 removed/control-only constants
info: RequestProject/Spine/Audit/Firewall.lean:269:0: proof-closure OK: CechSpinLift.SpinLiftFamily.spinLiftObstruction_defect (closure 185) avoids 17 removed/control-only constants
info: RequestProject/Spine/Audit/Firewall.lean:269:0: proof-closure OK: CechSpinLift.SpinLiftFamily.defect_change_of_lift (closure 124) avoids 17 removed/control-only constants
info: RequestProject/Spine/Audit/Firewall.lean:269:0: proof-closure OK: CechSpinLift.SpinLiftFamily.obstruction_lift_independent (closure 164) avoids 17 removed/control-only constants
info: RequestProject/Spine/Audit/Firewall.lean:269:0: proof-closure OK: CechSpinLift.SpinLiftFamily.obstruction_eq_trivialClass_iff_exists_coherent (closure 183) avoids 17 removed/control-only constants
info: RequestProject/Spine/Audit/Firewall.lean:269:0: proof-closure OK: CechSpinLift.SpinLiftFamily.obstruction_pullLift (closure 90) avoids 17 removed/control-only constants
info: RequestProject/Spine/Audit/Firewall.lean:269:0: proof-closure OK: CechSpinLift.SpinLiftFamily.obstruction_pullLift_indep_of_map (closure 243) avoids 17 removed/control-only constants
info: RequestProject/Spine/Audit/Firewall.lean:269:0: proof-closure OK: SpinCore.isGLor_of_isometry_of_future_of_det_pos (closure 678) avoids 17 removed/control-only constants
info: RequestProject/Spine/Audit/Firewall.lean:269:0: proof-closure OK: LorentzFrames.LorentzFrameData.comparison_mem_GLor (closure 728) avoids 17 removed/control-only constants
info: RequestProject/Spine/Audit/Firewall.lean:269:0: proof-closure OK: LorentzFrames.LorentzFrameData.frameCocycle (closure 788) avoids 17 removed/control-only constants
info: RequestProject/Spine/Audit/Firewall.lean:269:0: proof-closure OK: LorentzFrames.LorentzFrameData.frameObstruction_eq_trivial_iff_spinStructure (closure 2067) avoids 17 removed/control-only constants
info: RequestProject/Spine/Audit/Firewall.lean:269:0: proof-closure OK: LorentzFrames.tangent_frame_cocycle (closure 851) avoids 17 removed/control-only constants
info: RequestProject/Spine/Audit/Firewall.lean:269:0: proof-closure OK: LorentzFrames.tangent_frame_spin_lift_obstruction (closure 2098) avoids 17 removed/control-only constants
info: RequestProject/Spine/Audit/Firewall.lean:269:0: proof-closure OK: LorentzFrames.zdefect_isCoboundary_iff_spinStructure (closure 2079) avoids 17 removed/control-only constants
info: RequestProject/Spine/Audit/Firewall.lean:269:0: proof-closure OK: SpinCore.cech_defect_eq_pm_one (closure 1925) avoids 17 removed/control-only constants
info: RequestProject/Spine/Audit/Firewall.lean:269:0: proof-closure OK: SpinCore.spinLiftObstruction (closure 2054) avoids 17 removed/control-only constants
info: RequestProject/Spine/Audit/Firewall.lean:269:0: proof-closure OK: Mod2Cohomology.coboundary_coboundary (closure 218) avoids 17 removed/control-only constants
info: RequestProject/Spine/Audit/Firewall.lean:269:0: proof-closure OK: Mod2Cohomology.d_comp_d (closure 264) avoids 17 removed/control-only constants
info: RequestProject/Spine/Audit/Firewall.lean:269:0: proof-closure OK: Mod2Cohomology.coboundaries_le_cocycles (closure 284) avoids 17 removed/control-only constants
info: RequestProject/Spine/Audit/Firewall.lean:269:0: proof-closure OK: Mod2Cohomology.Cohomology (closure 137) avoids 17 removed/control-only constants
info: RequestProject/Spine/Audit/Firewall.lean:269:0: proof-closure OK: Mod2Cohomology.pullback_d (closure 125) avoids 17 removed/control-only constants
info: RequestProject/Spine/Audit/Firewall.lean:269:0: proof-closure OK: Mod2Cohomology.Hmap_id (closure 215) avoids 17 removed/control-only constants
info: RequestProject/Spine/Audit/Firewall.lean:269:0: proof-closure OK: Mod2Cohomology.Hmap_comp (closure 215) avoids 17 removed/control-only constants
info: RequestProject/Spine/Audit/Firewall.lean:269:0: proof-closure OK: Mod2Cohomology.prismK_identity (closure 552) avoids 17 removed/control-only constants
info: RequestProject/Spine/Audit/Firewall.lean:269:0: proof-closure OK: Mod2Cohomology.prismK_identity_zero (closure 477) avoids 17 removed/control-only constants
info: RequestProject/Spine/Audit/Firewall.lean:269:0: proof-closure OK: Mod2Cohomology.Hmap_eq_of_homotopic (closure 691) avoids 17 removed/control-only constants
info: RequestProject/Spine/Audit/Firewall.lean:269:0: proof-closure OK: Mod2Cohomology.homotopyEquivCohomology (closure 720) avoids 17 removed/control-only constants
info: RequestProject/Spine/Audit/Firewall.lean:269:0: proof-closure OK: Mod2Cohomology.cohomology_succ_eq_zero_of_contractible (closure 790) avoids 17 removed/control-only constants
info: RequestProject/Spine/Audit/Firewall.lean:269:0: proof-closure OK: GoodCoverZ2.isAcyclicCover_of_isGoodCover (closure 820) avoids 17 removed/control-only constants
info: RequestProject/Spine/Audit/Firewall.lean:269:0: proof-closure OK: GoodCoverSpec.nativeHomotopyInvariance (closure 725) avoids 17 removed/control-only constants
info: RequestProject/Spine/Audit/Firewall.lean:269:0: proof-closure OK: GoodCoverSpec.HardenedComparison.equiv (closure 829) avoids 17 removed/control-only constants
info: RequestProject/Spine/Audit/Firewall.lean:269:0: proof-closure OK: Mod2Cohomology.coboundary_cup (closure 306) avoids 17 removed/control-only constants
info: RequestProject/Spine/Audit/Firewall.lean:269:0: proof-closure OK: Mod2Cohomology.cup_cocycle (closure 337) avoids 17 removed/control-only constants
info: RequestProject/Spine/Audit/Firewall.lean:269:0: proof-closure OK: Mod2Cohomology.cupH11 (closure 462) avoids 17 removed/control-only constants
info: RequestProject/Spine/Audit/Firewall.lean:269:0: proof-closure OK: Mod2Cohomology.cupH22 (closure 462) avoids 17 removed/control-only constants
info: RequestProject/Spine/Audit/Firewall.lean:269:0: proof-closure OK: Mod2Cohomology.comparison_vanishing_iff_exists_coherent (closure 321) avoids 17 removed/control-only constants
info: RequestProject/Spine/Audit/Firewall.lean:269:0: proof-closure OK: CechZ2.coboundary_coboundary (closure 241) avoids 17 removed/control-only constants
info: RequestProject/Spine/Audit/Firewall.lean:269:0: proof-closure OK: CechZ2.d_comp_d (closure 288) avoids 17 removed/control-only constants
info: RequestProject/Spine/Audit/Firewall.lean:269:0: proof-closure OK: CechZ2.coboundaries_le_cocycles (closure 308) avoids 17 removed/control-only constants
info: RequestProject/Spine/Audit/Firewall.lean:269:0: proof-closure OK: CechZ2.Cohomology (closure 142) avoids 17 removed/control-only constants
info: RequestProject/Spine/Audit/Firewall.lean:269:0: proof-closure OK: CechZ2.Hmap (closure 199) avoids 17 removed/control-only constants
info: RequestProject/Spine/Audit/Firewall.lean:269:0: proof-closure OK: CechZ2.Hmap_comp (closure 210) avoids 17 removed/control-only constants
info: RequestProject/Spine/Audit/Firewall.lean:269:0: proof-closure OK: CechSpinZ2.spinKernelSign (closure 1919) avoids 17 removed/control-only constants
info: RequestProject/Spine/Audit/Firewall.lean:269:0: proof-closure OK: CechSpinZ2.d_zCochain (closure 275) avoids 17 removed/control-only constants
info: RequestProject/Spine/Audit/Firewall.lean:269:0: proof-closure OK: CechSpinZ2.zCochain_change_of_lift (closure 284) avoids 17 removed/control-only constants
info: RequestProject/Spine/Audit/Firewall.lean:269:0: proof-closure OK: CechSpinZ2.spinCechClass_lift_independent (closure 414) avoids 17 removed/control-only constants
info: RequestProject/Spine/Audit/Firewall.lean:269:0: proof-closure OK: CechSpinZ2.spinCechClass_eq_zero_iff_exists_coherent (closure 471) avoids 17 removed/control-only constants
info: RequestProject/Spine/Audit/Firewall.lean:269:0: proof-closure OK: CechSpinZ2.toObstruction_spinCechClass (closure 482) avoids 17 removed/control-only constants
info: RequestProject/Spine/Audit/Firewall.lean:269:0: proof-closure OK: CechSpinZ2.toObstruction_injective (closure 451) avoids 17 removed/control-only constants
info: RequestProject/Spine/Audit/Firewall.lean:269:0: proof-closure OK: CechSpinZ2.classOf_not_mem_range_toObstruction (closure 412) avoids 17 removed/control-only constants
info: RequestProject/Spine/Audit/Firewall.lean:269:0: proof-closure OK: CechSpinZ2.Hmap_spinCechClass (closure 379) avoids 17 removed/control-only constants
info: RequestProject/Spine/Audit/Firewall.lean:269:0: proof-closure OK: CechSpinZ2.spinCechClass_pull_indep_of_map (closure 582) avoids 17 removed/control-only constants
info: RequestProject/Spine/Audit/Firewall.lean:269:0: proof-closure OK: CechSpinZ2.frameCechClass_eq_zero_iff_spinStructure (closure 2221) avoids 17 removed/control-only constants
info: RequestProject/Spine/Audit/Firewall.lean:269:0: proof-closure OK: NerveGeom.coverNerveSSet (closure 69) avoids 17 removed/control-only constants
info: RequestProject/Spine/Audit/Firewall.lean:269:0: proof-closure OK: NerveGeom.face_face_comm (closure 83) avoids 17 removed/control-only constants
info: RequestProject/Spine/Audit/Firewall.lean:269:0: proof-closure OK: NerveGeom.degen_degen_comm (closure 82) avoids 17 removed/control-only constants
info: RequestProject/Spine/Audit/Firewall.lean:269:0: proof-closure OK: NerveGeom.underlyingPresimplicial_coverNerveSSet (closure 197) avoids 17 removed/control-only constants
info: RequestProject/Spine/Audit/Firewall.lean:269:0: proof-closure OK: NerveGeom.isDegenerate_iff_exists_degen (closure 180) avoids 17 removed/control-only constants
info: RequestProject/Spine/Audit/Firewall.lean:269:0: proof-closure OK: NerveGeom.coverNerveRealization (closure 75) avoids 17 removed/control-only constants
info: RequestProject/Spine/Audit/Firewall.lean:269:0: proof-closure OK: NerveGeom.charSimplex (closure 85) avoids 17 removed/control-only constants
info: RequestProject/Spine/Audit/Firewall.lean:269:0: proof-closure OK: NerveGeom.charSimplex_face (closure 99) avoids 17 removed/control-only constants
info: RequestProject/Spine/Audit/Firewall.lean:269:0: proof-closure OK: NerveGeom.charSimplex_degen (closure 97) avoids 17 removed/control-only constants
info: RequestProject/Spine/Audit/Firewall.lean:269:0: proof-closure OK: NerveGeom.charSimplex_universal (closure 98) avoids 17 removed/control-only constants
info: RequestProject/Spine/Audit/Firewall.lean:269:0: proof-closure OK: NerveGeom.chainMap_comm (closure 174) avoids 17 removed/control-only constants
info: RequestProject/Spine/Audit/Firewall.lean:269:0: proof-closure OK: NerveGeom.geometricCochainMap (closure 184) avoids 17 removed/control-only constants
info: RequestProject/Spine/Audit/Firewall.lean:269:0: proof-closure OK: NerveGeom.geometricHmap (closure 406) avoids 17 removed/control-only constants
info: RequestProject/Spine/Audit/Firewall.lean:269:0: proof-closure OK: NerveGeom.canonicalNervePresentation (closure 206) avoids 17 removed/control-only constants
info: RequestProject/Spine/Audit/Firewall.lean:269:0: proof-closure OK: NerveGeom.spinLiftRealizedClass_eq_zero_iff (closure 2365) avoids 17 removed/control-only constants
info: RequestProject/Spine/Audit/Firewall.lean:269:0: proof-closure OK: NerveGeom.frameRealizedClass_eq_zero_iff_spinStructure (closure 2444) avoids 17 removed/control-only constants
info: RequestProject/Spine/Audit/Firewall.lean:269:0: SPINE FIREWALL AUDIT: all checks passed
ℹ [8353/8356] Built RequestProject.Spine.Task36.Firewall (34s)
info: RequestProject/Spine/Task36/Firewall.lean:107:0: Task-36 leaf audit: 199 non-Task-36 Spine modules checked, 0 of them reach RequestProject.Spine.Task36
info: RequestProject/Spine/Task36/Firewall.lean:107:0: Task-36 branch audit: 12 bottom-up adversarial modules reach none of the 6 top-down obstruction prefixes
info: RequestProject/Spine/Task36/Firewall.lean:107:0: control OK: RequestProject.Spine.Task36.SpinObstruction does import RequestProject.Spine.Solder.RegularSolder (audit is sensitive)
info: RequestProject/Spine/Task36/Firewall.lean:107:0: control OK: RequestProject.Spine.Task36.SpinObstruction does import RequestProject.Spine.E2.Cech.Obstruction (audit is sensitive)
info: RequestProject/Spine/Task36/Firewall.lean:107:0: curvature claim firewall: 6115 Spine declarations scanned, none names curvature, holonomy, a connection or a Riemann tensor
info: RequestProject/Spine/Task36/Firewall.lean:107:0: Task-36 modules audited for legacy/external imports: 14; Experiment1 = 0, Experiment2 = 0, external projects = 0
ℹ [8354/8356] Built RequestProject.Spine.Deformation.Firewall (52s)
info: RequestProject/Spine/Deformation/Firewall.lean:103:0: deformation leaf audit: 209 non-deformation Spine modules checked, 0 of them reach RequestProject.Spine.Deformation
info: RequestProject/Spine/Deformation/Firewall.lean:103:0: deformation modules audited for legacy/external imports: 11; Experiment1 = 0, Experiment2 = 0, external projects = 0
info: RequestProject/Spine/Deformation/Firewall.lean:103:0: shared-origin firewall: SharedTransportFamily [base, spin], RegularClosureSolution [smoothGluing, solder]
info: RequestProject/Spine/Deformation/Firewall.lean:103:0: deformation target-leakage audit: 248 declarations scanned, none names a curvature sign, a target geometry, a field equation, a transport form or a loop-transport object
info: RequestProject/Spine/Deformation/Firewall.lean:103:0: control OK: RequestProject.Spine.Deformation.ClosureAdmissibility does import RequestProject.Spine.Solder.RegularSolder (audit is sensitive)
info: RequestProject/Spine/Deformation/Firewall.lean:103:0: control OK: RequestProject.Spine.Deformation.ClosureAdmissibility does import RequestProject.Spine.Task36.SpinObstruction (audit is sensitive)
info: RequestProject/Spine/Deformation/Firewall.lean:103:0: control OK: RequestProject.Spine.Deformation.SharedTransport does import RequestProject.Spine.E1.SpinCover (audit is sensitive)
info: RequestProject/Spine/Deformation/Firewall.lean:103:0: control OK: RequestProject.Spine.Closure.IntermediateMilestone does import RequestProject.Spine.Deformation.SolderTransport (audit is sensitive)
info: RequestProject/Spine/Deformation/Firewall.lean:103:0: control OK: RequestProject.Spine.Closure.IntermediateMilestone does import RequestProject.Spine.Task36.Certificate (audit is sensitive)
info: RequestProject/Spine/Deformation/Firewall.lean:103:0: closure leaf audit: 220 non-closure Spine modules checked, 0 of them reach RequestProject.Spine.Closure; 1 closure module(s) audited for legacy/external imports
ℹ [8355/8356] Built RequestProject.Spine.Audit.ArchitectureDAG (185s)
info: RequestProject/Spine/Audit/ArchitectureDAG.lean:165:0: Stage-1.3 production modules audited: 92 (of 282 production Spine modules); chronological TaskNN modules: 0
info: RequestProject/Spine/Audit/ArchitectureDAG.lean:165:0: generic AlgebraicTopology modules audited: 34, domain-specific imports: 0
info: RequestProject/Spine/Audit/ArchitectureDAG.lean:165:0: low-level Nerve modules audited: 24, high-level imports: 0
info: RequestProject/Spine/Audit/ArchitectureDAG.lean:165:0: comparison layering audited: RelJ → GlobalHomology → GlobalCohomology
info: RequestProject/Spine/Audit/ArchitectureDAG.lean:165:0: Spin branch firewall audited: 6 Spin-native modules, 7 comparison module(s); illegal edges: 0
info: RequestProject/Spine/Audit/ArchitectureDAG.lean:165:0: Task-31 uniqueness layer audited: 4 modules, illegal edges: 0
info: RequestProject/Spine/Audit/ArchitectureDAG.lean:165:0: Task-32/33 manifold-emergence firewall audited: 11 base-free modules (including the Task-33 smooth-manifold closure, symmetric canonicity and local-piece-data layers) + 1 adapter + 1 comparison join; illegal edges: 0
info: RequestProject/Spine/Audit/ArchitectureDAG.lean:165:0: Task-34/35 tangent/solder firewall audited: 11 bottom-up modules + 2 comparison joins; illegal edges: 0
info: RequestProject/Spine/Audit/ArchitectureDAG.lean:165:0: SPINE ARCHITECTURE AUDIT: all checks passed
Build completed successfully (8356 jobs).
EXIT=0
